"Subject Code","Course Number","Course Title","Course Description","Credits - Academic Credit - Units","Credits - Academic Credit - Credit Hours Max","Credits - Academic Credit - Credit Hours Value","Credits - Academic Credit - Credit Hours Operator","Cross Listed Courses","Co-Convened Courses","Dual-Listed Courses","Equivalent Courses","Notes","Course Typically Offered"
"AAI","301","Career Readiness for Applied and Technical Professions","This course will allow students to synthesize career and academic opportunities related to their technical coursework into viable career pathways. Exploration of career interests and values will be accomplished through selected assessments, applied learning projects, and online resources. Identification of defined academic and career pathways are curated through evaluation, decision-making, and defining short and long-term career goals. Since the course is foundational for the degree completion program in Applied and Interdisciplinary Studies, it is assumed that a student will already have completed 30 credit hours or an associate’s degree completed.","3","3","-","-","-","-","-","-","-","Fall or Spring"
"AAI","841","Strategies in Preclinical and Clinical Research for Regulatory Affairs in Animal Health","In this course, students will review the history of regulations as well as gain an understanding of the integration of science into successful product approval outcomes. Students will learn how to achieve target claims for developing new products while ensuring safety. Students will also be introduced to the planning, design, and conduct of preclinical and clinical studies. The topics covered include protocol design and the evaluation and assessment of regulatory submissions. The course will consider practical issues in regulatory affairs. Students may participate in case study exercises.","3","3","-","-","-","-","-","-","-","Fall, Spring"
"ACCTG","342","Taxation I","Fundamental concepts of income determination in federal and state income tax regulations; examination of the impact of tax regulation on business and personal financial planning and decision making.","3","3","-","-","-","-","-","-","-","Fall, Spring"
"ACCTG","432","Cost Accounting","Identifying relevant accounting data and organizing, summarizing, and analyzing that data into information useful for planning and budgeting, decision making, controlling, and evaluating functions of management.","3","3","-","-","-","-","-","-","-","Fall, Spring"
"ACCTG","710","Foundations of Accounting","A study of business transactions, including identification of relevant economic events and how those events are recorded in financial statements, and a study of managerial accounting information for decision making, planning, and control.","3","3","-","-","-","-","-","-","Not open to Master of Accountancy students.","Fall"
"ACCTG","855","Financial Statement Analysis and Business Valuation","This course is about the analysis of financial information for making decisions to invest in businesses.  The methods of fundamental analysis will be examined in detail and applied in cases and projects involving listed companies.  Topics include models of shareholder value, a comparison of accrual accounting and discounted cash flow approaches to valuation, the analysis of profitability, growth and value generation in a firm, diagnosing accounting quality, forecasting earnings and cash flows, pro-forma analysis for strategy and planning, and the determination of price/earnings (P/E) and market-to-book (P/B) ratios. ","3","3","-","-","-","-","-","-","-","Fall, Spring, Summer"
"ACCTG","860","Management Accounting and Business Problem Solving","A study of managerial accounting information for decision making, planning, and control. ","3","3","-","-","-","-","-","-","Not open to Master of Accountancy students.","Fall"
"ACE","203","Introduction to Composite and Nonmetallic Structures","Introduces composite materials used in the design and production of legacy and modern aircraft. Topics include material characteristics, fabrication, and inspection; repair of non-metallic primary and secondary structures and materials using manufacturers' instructions. Materials include fabric, wood, fiberglass, plastics, honeycomb, and others. Students practice the selection, installation, application of protective coatings, and removal of special fasteners used in these structures. Laboratory exercises emphasize the fabrication and inspection of modern composite structures.","3","3","-","-","-","-","-","-","Two hours lecture and three hours lab a week.","Fall"
"AGEC","115","Decision Tools for Agricultural Economics and Agribusiness","Development of foundational computer-based empirical skills that address economic and business issues in food and agriculture. Students will learn how to model information on an issue or problem using mathematical spreadsheets to find relevant answers for decision makers and stakeholders.","2","2","-","-","-","-","-","-","Two hours recitation per week.","Fall, Spring"
"AGEC","308","Farm and Ranch Management","Decision-making process, cost concepts, farm records and financial management, budgeting, time value of money, and introduction to whole farm/ranch planning. ","3","3","-","-","-","-","-","-","Three hours recitation a week.","Fall"
"AGEC","480","Farm and Ranch Income Tax Management","This course introduces unique income tax provisions that apply to commercial agricultural producers. Students will better understand the importance of accounting records, the income tax impact of farm management decisions, and tools available to manage income taxes. Emphasis will also be placed on the importance of considering income taxes when planning for transition of the family farm or ranch from one generation to the next.","3","3","-","-","-","-","-","-","3 hours of lecture per week.","Fall"
"AGEC","500","Production Economics","Application of economic principles to problems of agricultural production. Analysis of consumer demand for agricultural products and input and output decisions of the agricultural firm. AGEC 505 is a continuation of this course and they are intended to be taken in consecutive semesters.","3","3","-","-","-","-","-","-","Three hours recitation a week.","Fall, Spring"
"AGEC","501","Data Analysis and Optimization","Analysis of agricultural business and economic data and optimization for decision making.  Study applications of regression, time series analysis and forecasting to agricultural and economic data. Introduction to mathematical programming to model optimization of problems commonly encountered in agricultural economics. ","3","3","-","-","-","-","-","-","Three hours recitation per week.","Fall, Spring"
"AGEC","516","Agricultural Law and Economics","The legal framework for decision making by farm firms, families, and individuals; liabilities, real and personal property, contracts, uniform commercial code, organization of farm firms, intergeneration property transfers, water law, fence law, federal and state regulatory power, insurance, income tax, and social security. ","3","3","-","-","-","-","-","-","Three hours recitation a week.","Spring"
"AGEC","560","Data Analytics for Agricultural Economics","Advanced collection and applied analysis of agricultural business and economics data for decision making.  Applied communication of results and implications.","3","3","-","-","-","-","-","-","Students who have not completed AGEC 501 may secure instructor consent if they can verify a working knowledge of regression.","Fall, Spring"
"AGEC","598","Farm Management Strategy","A study of management concepts, tools, and decision strategies applied to farm firms. Alternative measures of farm business performances, as well as planning and evaluation techniques for an uncertain environment, are examined. ","3","3","-","-","-","-","-","-","-","Fall, Spring"
"AGEC","599","Food and Agribusiness Management Strategy","This course integrates the risk, production, marketing, and financial management strategies of agribusiness firms. Special attention is given to the application of economic theory and quantitative analysis to business decision-making processes. In addition to case studies, a variety of analytical techniques will focus on both markets and firms involved in the production and marketing of food commodities. ","3","3","-","-","-","-","-","-","Three hours lecture a week.","Fall, Spring"
"AGEC","680","Risk Management","Analytical concepts and quantitative tools to make better decisions in risky situations. Identifying various types of risk an operation faces, measuring the degree of risk, and exploring ways to manage risk. Includes portfolio analysis, futures and options, contracting, and insurance. Emphasis on computer applications. Topics are focused on agriculture but are applicable to other industries and household decisions. ","3","3","-","-","-","-","-","-","-","Spring"
"AGEC","701","Introduction to Computer Decision Tools for Agribusiness","Development of decision tools for agribusiness using spreadsheets. Topics include internet as a data source, budget development and analysis, financial calculations, regression, search techniques, and optimization. ","1","1","-","-","-","-","-","-","-","Spring"
"AGEC","712","Optimization Techniques For Agricultural Economics","Application of optimization techniques including linear programming and nonlinear programming for research and decision analysis in agricultural economics.","3","3","-","-","-","-","-","-","-","Spring"
"AGEC","713","Agribusiness Financial Management","This course covers financial management, long-term investment analysis, the performance of alternative investments, and the theory of efficient markets. Topics covered include comparative financial analysis, short-term budgeting, and capital budgeting. Applications include agribusiness decision making and project analysis. ","3","3","-","-","-","-","-","-","-","Spring"
"AGEC","730","Applied Agribusiness Logistics","A study of agribusiness logistics and the fundamental concepts underpinning logistical decisions and their impact on a firm's sustainability. Topics include supply chain management, transportation and storage, contracting and out sourcing, strategic logistic planning, network analysis, and B2B e-commerce in food and agriculture. Focus will be on agribusiness logistics issues in grain and grain-based food supply chains and in the livestock and meat supply chains, including global logistics. ","3","3","-","-","-","-","-","-","-","Spring"
"AGEC","760","Applied Econometric Analysis","Use of econometrics to enhance agribusiness decision making is the focus. Concepts of simple and multiple regression and limited dependent variable models are presented. Econometric issues of functional form, relevant variables, predictive performance, and model diagnostics will be examined. Numerous applications of techniques to agribusiness problems are used. ","3","3","-","-","-","-","-","-","-","Spring"
"AGEC","761","Optimization Techniques For Agribusiness","This course is an introduction to optimization techniques designed to provide quantitative support for agribusiness decision making. Upon completion of this course, students will be able to construct and evaluate optimization models useful for evaluating linear problems, integer problems, and nonlinear program. ","2","2","-","-","-","-","-","-","-","Fall"
"AGEC","823","Production Economics II","Economic theories of choice under conditions of imperfect knowledge (i.e. under risk and uncertainty) and the application of these theories to production decisions.","3","3","-","-","-","-","-","-","3 hours recitation per week","Fall"
"AGED","810","Social Data Analysis in Communications and Agricultural Education","A course in measurement and analysis as related to social science research and evaluation. The course takes an applied approach to organizing data, analyzing data according to research and evaluation objectives and/or hypotheses, using descriptive and inferential statistics, and interpreting data. Students gain practical experience in data entry and using SPSS for calculating statistics through laboratory exercises. ","3","3","-","-","-","-","-","-","-","Fall"
"AGED","820","History and Philosophy of Agricultural and Extension Education","The primary purpose of this course is to provide the student with an examined grounding in the seminal events and people in the history of agricultural and extension education (history), principle divisions of thought (philosophies), and decisions made (policy), resulting in the current state of affairs in agricultural and extension education. The convergence of these factors has a notable impact on the current challenges and future direction of agriculture and extension education. ","3","3","-","-","-","-","-","-","Great Plains Ag*IDEA Course Delivery.","Fall, Spring, Summer"
"AGRON","125","Spreadsheet Skills for Agronomy","An introduction to the use of spreadsheets in Agronomy. Topics include best practices for designing and modifying spreadsheets, functions and formulas, data visualization, and how spreadsheets can be used to guide agronomic decisions.","1","1","-","-","-","-","-","-","2 hours lecture per week for 8 weeks.","Spring"
"AGRON","202","Introduction to Precision Agriculture","Introduces the fundamental concepts and technologies of precision agriculture, including GPS/GNSS, GIS, remote and proximal sensing, and data-driven soil and crop management. The course combines classroom concepts with hands-on experiences using sensors and drones to illustrate how digital tools support smarter farming decisions.","3","3","-","-","-","-","-","-","3 hours lecture per week","Fall"
"AGRON","385","Soil Analysis and Nutrient Recommendations","Detailed information on (1) techniques for soil sample collection, (2) chemical methods for routine soil analysis, (3) development of fertilizer recommendations, and (4) fertilizer characteristics. Laboratory exercises reinforce the theoretical principles presented in lectures.","2","2","-","-","-","-","-","-","One hour lecture and two hours lab a week.","Spring"
"AGRON","875","Advanced Site-Specific Agriculture","Spatial analysis and management of agricultural and environmental resources using Geographic Information Systems technology and agricultural software. Emphasis is on collecting, displaying, and analyzing spatial or georeferenced soil, crop, or other land surface data to develop prescriptions for variable rate input applications. Students will work on a special project throughout the semester linked to precision agriculture tools and technologies.","3","3","-","-","-","-","AGRON655","-","Two hours lecture and two hours lab per week","Spring"
"AIT","370","Technology Project Management","This course covers the following subjects: 1) principles of engineering decision making process, financial aspects of technology projects, including principal and compound interest calculations, 2) uniform annual cost, rate of return, depreciation, equipment replacement, and competing projects, 3) technology project planning, including aggregate planning and master production schedule, inventory control, material and capacity planning, and shop floor control as well as 4) technical document preparation and reporting.","3","3","-","-","-","-","-","-","-","Fall, Spring, Summer"
"AMP","103","Concepts of Aircraft Materials and Tooling Standards","A foundational course in aircraft materials, hardware, inspection programs, and tooling standards used in aviation maintenance. Emphasizes identification and application of ferrous and non-ferrous materials, heat treatment processes, structural load considerations, aircraft hardware and fastening systems, precision measurement, nondestructive testing methods, corrosion identification and treatment, approved cleaning procedures, aircraft registration markings, and fabrication and inspection of rigid and flexible fluid lines. Students apply accepted maintenance practices and regulatory standards to determine component serviceability and support airworthiness.","3","3","-","-","-","-","-","-","-","Fall or Spring"
"AMP","105","Application of General Aviation Maintenance Concepts","This laboratory course provides hands on experience in fundamental aviation maintenance tasks aligned with concepts from AMP 101–104 and FAA industry standards. Students develop practical skills in aircraft weighing and balancing, precision measurement, nondestructive testing, aircraft movement and securing procedures, ground operations, servicing and fueling, and basic engine ground run operations. Emphasis is placed on shop safety, flight line safety, and adherence to approved maintenance practices and professional standards.","2","2","-","-","-","-","-","-","-","Fall or Spring"
"AMP","111","Introduction to AC Materials and Tooling Standards","Introduces foundational skills and technical competencies related to aircraft material properties and fabrication processes. Emphasizes shop safety, organization, and risk management in maintenance environments; identification and application of aircraft structural materials and hardware; fluid lines and fittings; hand tool selection and torque practices; precision measurement and dimensional inspection techniques; cleaning and corrosion control; welding procedures; nondestructive testing methods; and foundational airframe inspection techniques in accordance with FAA standards.","3","3","-","-","-","-","-","-","2 hours lecture and 3 hours lab a week. ","Fall"
"AMP","112","Aircraft Regulations, Compliance and Operations","A comprehensive examination of the Federal Aviation Administration regulatory framework governing aircraft certification, continued airworthiness, and maintenance operations in general, business, and commercial aviation environments. Emphasizes the privileges, limitations, and responsibilities of certificated maintenance personnel and the application of Title 14 CFR to maintenance decision making. Topics include aircraft weight and balance analysis, preparation of compliant maintenance record entries, interpretation of performance charts and technical publications, aircraft servicing and ground operations, and the integration of human factors and risk awareness into regulatory compliance and maintenance practices.","2","2","-","-","-","-","-","-","-","Fall, Spring"
"AMP","297","Aviation Maintenance Airframe Capstone","A comprehensive review and integration course designed to prepare students for FAA General and Airframe certification examinations and entry level employment in airframe maintenance environments. Emphasizes applied knowledge review, scenario based troubleshooting, oral and practical task simulation, regulatory compliance, maintenance documentation, and professional workplace readiness. Students perform integrated maintenance tasks aligned with the Aviation Mechanic Airman Certification Standards and develop the communication, safety, and decision making skills required for industry employment.","3","3","-","-","-","-","-","-","2 hours lecture and 3 hours lab a week ","Fall"
"AMP","397","Aviation Maintenance Powerplant Capstone","A capstone course designed to prepare students for industry-required credentials with emphasis on aviation maintenance knowledge, regulatory application, and professional readiness. The course is comprehensive in nature and integrates subject matter from across the aviation maintenance curriculum in alignment with applicable certification standards. Emphasis is placed on synthesis of technical knowledge, maintenance decision-making, and transition to entry-level employment.","3","3","-","-","-","-","-","-","2 hours lecture and 3 hours lab a week ","Spring"
"ANTH","515","Creativity and Culture: The Anthropology of Art","Explores creativity, aesthetics, and meaning in various visual art subcultures in the U.S. and around the world. Attention is paid to the intersection of art and contemporary social issues including structural racism.","3","3","-","-","-","-","-","-","-","On sufficient demand"
"ANTH","615","Race and Culture","The biological meaning of race; the interrelationships of biological and cultural traits in human evolution; processes of racial formation of man; methods of classifying human races; cultural inheritance; the distinction of race, culture, personality, and intelligence; a review of modern racism; race as an evolutionary episode. ","3","3","-","-","-","-","-","-","-","On sufficient demand"
"ANTH","683","Osteology","Detailed study of human skeleton, with special attention to health and demographic conditions in prehistoric cultures and the evaluation of physical characteristics and genetic relationships of prehistoric populations. Laboratory demonstration and exercise in working with skeletal material for analysis of sex, age, stature, and race. Complete metric and nonmetric analysis with consideration given to paleodemography, paleopathology in situ analysis and excavation, and preservation. ","4","4","-","-","-","-","-","-","-","Spring-Even Years"
"AP","601","Cardiorespiratory Physiology","An examination of the structure and function of the respiratory system and the manner in which oxygen passes from the atmosphere to its site of utilization in the mitochondria. Exercise, disease, and environmental stresses will form the basis for examining the capacity, plasticity, and limitations to respiratory function.  ","3","3","-","-","-","-","-","-","-","Fall"
"AP","796","Topics in Exercise Physiology","Intensive study of a selected topic in Exercise Physiology involving either great in-depth study, or application of theory presented in a related course. ","1","4","-","-","-","-","-","-","-","Fall, Spring, Summer"
"AP","824","Physiology of Oxygen Transport","This course is designed to promote critical reading of the literature, particularly with respect to the understanding of exercise physiology and cardiorespiratory, vascular and muscle energetics responses.  Activities will include presenting papers, debate and discussion regarding all aspects of science and scientific philosophy. ","3","3","-","-","-","-","-","-","-","Spring"
"AP","826","Advanced Cardiovascular Physiology","Discussion and critical examination of cardiovascular control mechanisms, with specific emphasis on regulation of blood pressure during severe challenges such as exercise, heat stress, and upright posture.   ","3","3","-","-","-","-","-","-","-","Fall"
"AP","873","Physiologically Based Pharmacokinetic Modeling","This modeling course is designed for life science graduate students with an interest in computational toxicology and pharmacology. Development of physiologically based pharmacokinetic (PBPK) models for environmental chemicals, drugs, and nanomaterials in laboratory animals, food-producing animals, companion animals, and/or humans will be introduced. Applications of PBPK models in food safety, toxicology, risk assessment, and pharmaceutical industry will be discussed. This course will cover theory, application software, experimental design, model development, optimization, validation, evaluation, and extrapolation. The expected outcome is that the student will have PBPK modeling knowledge and skills to develop a PBPK model with some mentoring from an experienced PBPK modeler. Format will include both weekly lectures and hands-on computer lab exercises. ","4","4","-","-","-","-","-","-","Course objectives
(1) To provide the student with working knowledge of physiologically based pharmacokinetic models and their applications in toxicology 
(2) To provide students with the technical ability to develop PBPK models for use in their graduate research and careers

Course evaluation:
(1) Grades will be determined from two written tests (20% each), computer lab simulation exercises/assignments (20%), a project presentation which demonstrates the development of a PBPK model and the application of the PBPK model in toxicology (40%).
(2) All grading will be administered through K-State online.","Spring"
"AP","895","Equine Exercise Physiology","Comprehensive overview of the physiology of exercise in the horse with comparison to other species. Emphasis will be on cardiovascular, respiratory, and musculoskeletal systems, including current research. ","2","2","-","-","-","-","-","-","-","Fall-Even Years"
"ARAB","201","Arabic III","Further development of four skills of listening, speaking, reading, and writing; with emphasis on building and applying basic language knowledge in communicative tasks; exercises in oral interactions and interactions involving text.","5","5","-","-","-","-","-","-","-","Fall"
"ARCH","805","Comprehensive Design Preparation","Scholarly and design-based research, intended to deeply inform architectural decision-making, culminating in a program for an architectural project to be undertaken in ARCH 808.  ","3","3","-","-","-","-","-","-","-","Fall"
"ART","601","Graphic Design History/Theory/Criticism","Study of significant works from late nineteenth century to the present to provide understanding of the development and character of graphic design, artists, and designers. ","3","3","-","-","-","-","-","-","Three hours lecture.","Fall, Spring"
"ART","679","Color Experiments, Theory and Application","Explores the interaction of color through a variety of exercises, both practical and experimental. Emphasis on visual perception and the relative use of color. Color's potential in illusionist structures and visual communication, color systems. ","3","3","-","-","-","-","-","-","-","Intersession"
"ART","887","Contemporary Art Theory and Criticism","Discussion of the principal theories influencing production and criticism of contemporary art.","3","3","-","-","-","-","-","-","-","Fall"
"ASI","401","Farm Animal Reproduction Laboratory","Laboratory exercises with reproductive specimens of farm species. Will include adult male and female reproductive tracts, anatomical changes associated with estrous cycles and anestrus, pregnancy, fetal and placental development, semen characteristics, and ultrasonography. ","1","1","-","-","-","-","-","-","Two hours lab a week.","Spring"
"ASI","504","Equine Reproduction Management","Overview of the physiological mechanisms involved in equine reproduction and the scientific reasoning behind breeding management decisions. Recent advances in equine reproductive technology will be highlighted and relevant research will be incorporated into the presentations.","3","3","-","-","-","-","-","-","Three hours lecture a week","Spring"
"ASI","505","Equine Reproduction Management Lab","This course is the laboratory complement to ASI 504.  It includes demonstrations and hands-on exercises focused on learning equine breeding techniques. Topics will include mare and stallion handling, estrus detection, semen collection and processing, and artificial insemination.","1","1","-","-","-","-","-","-","Four hours lab a week for eight weeks","Spring"
"ASI","521","Horse Science","A study of the horse industry in the United States, breed profiles, anatomy and evaluation, nutrition, reproduction, growth and development, health, exercise physiology, facilities and equipment, business considerations. ","3","3","-","-","-","-","-","-","Three hours lecture a week.","Spring"
"ASI","695","Principles of Equine Exercise Physiology","Physiological systems reactions and adaption to exercise and training in the equine athlete.  Additional topics addressed will include biomechanics, injury prevention and rehabilitation.","3","3","-","-","-","-","-","-","Two hours lecture and two hours lab a week.","Fall"
"ASI","741","Quantitative Genetics Applications of Matrix Algebra","The goal of this course is development of skills in matrix algebra to describe and solve problems in the agricultural and life sciences, with particular focus on quantitative genetics. The course is designed for students with no prior knowledge of matrix algebra, and whose formal training in mathematics may be somewhat limited. It will consider the vocabulary, concepts, application and, to a lesser extent, theory of matrix algebra that is relevant to graduate students in the agricultural and life sciences. Application exercises will consider ecological systems, genotypic transition matrices, selection indices, and the numerator relationship matrix. Application of methods such as least squares, and canonical transformation to solve problems in the biological sciences using matrix algebra will also be introduced. ","1","1","-","-","-","-","-","-","-","Fall"
"ASI","742","Cybersheep: A Genetic Simulation Game","The goal of this course is for students to be able to make informed and effective decisions in a livestock breeding program. In order to accomplish this goal, the course will provide hands-on experience with selection and mating decisions, and their consequences through a genetic simulation. Genetic gains require time to achieve and there is very little opportunity for students to witness the consequences of breeding decisions in a course. The simulation is designed to offer an opportunity to see in real-time, the outcome of decision-making, and to experience the stochastic (chance) elements of a breeding program. ","1","1","-","-","-","-","-","-","-","Fall"
"ASI","874","Marker Assisted and Gene-Assisted Selection","The goal of this module is to increase student understanding of potential methods for incorporating marker genetic information into selection decisions. Topics will include but are not limited to recombination, single-gene tests, molecular breeding values, suggested producer guidelines for use of the technologies, and incorporation of genomic information into genetic prediction procedures. ","1","1","-","-","-","-","-","-","-","Spring"
"ATM","240","Principles of Injury Prevention","This is an overview course that will cover a variety of safety and health topics focusing on injury prevention in the home, motor vehicle, public, and work environments. The enduring understanding that forms the basis for every discussion and activity in this course is all of us make decisions every day that impact our safety as well as the safety of those around us. ","3","3","-","-","-","-","-","-","Three hours lecture a week.","Fall"
"ATM","245","Introduction to Biomanufacturing Technology","History of biomanufacturing technology and its impact; overview of related industries including biopharmaceuticals, cellular agriculture, precision fermentation, and brewing; careers; fundamentals of biomanufacturing processes including cell types, gene technology, and unit operations.","3","3","-","-","-","-","-","-","-","Fall, Spring"
"ATM","541","Introduction to Food Engineering Laboratory Exercises","Laboratory experiments supplementing ATM 540.","1","1","-","-","-","-","-","-","Three hours lab a week.","Fall"
"ATM","550","Precision Agriculture Technologies","Application of precision technologies for gathering information to assist decision making for production systems. Topics will include global positioning systems, vehicle guidance systems, crop yield monitors, variable rate control systems for applicators, and the communication among these devices. ","3","3","-","-","-","-","-","-","Two hours recitation and two hours lab a week.","Fall"
"AVM","112","Aircraft Welding","Theory and skill development in aircraft welding processes. Exercises in gas welding processes as applied to ferrous and nonferrous materials. Oxygen/acetylene, inert gas, and resistance welding processes are to be studied. ","2","2","-","-","-","-","-","-","One hour recitation and three hours lab a week.","Spring"
"AVT","340","Human Factors in Aviation","Explores the physical environment and physiology limitations imposed on the aviation professional. Health, fatigue, human behavior and errors, communication, team building, leadership, situation awareness, crew resource management, judgment, and aeronautical decision making are studied to achieve safe and efficient operation. ","3","3","-","-","-","-","-","-","-","Fall, Spring"
"BAE","643","Life Cycle Assessment","Introduction to the life cycle assessment methodology for quantifying environmental impacts of products, processes, and systems. Topics include life cycle methodology, data inventory process and databases, life cycle impact modeling approaches and software, uncertainty quantification, and practical applications to demonstrate life cycle assessment as a tool for making decisions to improve sustainability of materials, products, and systems.","3","3","-","-","-","-","-","-","Three hours recitation per week.","Spring"
"BAE","750","Analysis and Design of Off Road Vehicles","Analytical study of design, testing, construction, and operating characteristics of off-highway vehicles and machinery. Includes human factors, mobility, and precision agriculture. ","3","3","-","-","-","-","-","-","Two hours recitation and three hours lab a week.","On sufficient demand"
"BIOL","504","Plant Ecology","Study of the diversity and distribution of vegetation, relationships of plants to their physical environment, plant-animal-microbe interactions, population structure and dynamics, and plant community structure diversity, and succession. Field exercises focusing on methods of grassland and forest vegetation sampling and analysis. ","3","3","-","-","-","-","-","-","-","Fall"
"BIOL","607","Human Genetics","An exploration of human genetics from a molecular perspective, grounded in clinical applications. Provides theoretical knowledge and practical skills in human genome analysis, emphasizing the analysis of case studies and molecular diagnostics techniques. Through a combination of lectures, hands-on laboratory exercises, and discussions, students will examine the implications of genetics and genomics for medicine, clinical diagnostics, genetic counseling, and related fields.","3","3","-","-","-","-","BIOL807","-","One hour of lecture and two two-hour lecture/labs per week.","Spring"
"BIOL","671","Immunology Laboratory","Laboratory exercises in immunology.","2","2","-","-","-","-","-","-","Three-hour lab a week plus one hour recitation.","Spring"
"BIOL","807","Human Genetics","An exploration of human genetics from a molecular perspective, grounded in clinical applications. Provides theoretical knowledge and practical skills in human genome analysis, emphasizing the analysis of case studies and molecular diagnostics techniques. Through a combination of lectures, hands-on laboratory exercises, and discussions, students will examine the implications of genetics and genomics for medicine, clinical diagnostics, genetic counseling, and related fields.","3","3","-","-","-","-","BIOL607","-","One hour of lecture and two two-hour lecture/labs per week.","Spring"
"BIOL","831","Host-Pathogen Interactions","Explores fundamental aspects of the mechanisms, ecology, and evolution of host-pathogen interactions. Students will have the opportunity to gain in-depth knowledge of these topics through reading, discussion, presentation, and writing exercises.","3","3","-","-","-","-","-","-","-","Fall-Even Years"
"BME","470","Biomedical Device Components","This course addresses medical device hardware components: electronic and electromechanical circuits and sub-systems that in aggregate perform medical device functionality. Passive/active electronic components include LED emitters, diode circuits, transistor assemblies, operational amplifier configurations, filters, and power supplies. Medical devices such as ventilators, insulin pumps, pacemakers, defibrillators, and IV pumps will provide context for homework assignments and hands-on laboratory exercises.","3","3","-","-","-","-","-","-","2 hours lecture; 3 hours laboratory","Spring"
"BUS","110","Introduction to Business","This course surveys the objectives, decisions, and activities within a business organization. Topics include a study of management responsibilities and controls, organizational structures, and marketing activities. ","3","3","-","-","-","-","-","-","-","Fall"
"BUS","366","Management with Information Technology","A comprehensive view of the role of information technology in satisfying organizations' information requirements. Problems and techniques concerning the management of responsive information systems with special attention to managers' use of systems outputs. Cases and hands-on exercises emphasizing the use of information systems in decision making, information gathering and organizing, use of modeling techniques, and presentation of information. ","3","3","-","-","-","-","-","-","-","Spring"
"BUS","410","Managerial and Project Economics","Economic analysis of problems as applied to managerial decision making. Students consider the economic viability of solutions in engineering and a variety of other kinds of projects common in technology-oriented businesses.","3","3","-","-","-","-","-","-","-","Fall"
"BUS","450","Integrated Finance","Study of the basic principles of finance, including discounted cash flow analysis, risk-return tradeoff, asset pricing models, and financial and real asset valuation. Applications of these concepts to the firm's investment and financing decisions and performance analysis will be discussed. ","3","3","-","-","-","-","-","-","-","Spring"
"CDPLN","702","Community Engagement","This course is designed to help students add to their knowledge base and build their confidence in community engagement so that dialogue and deliberations leading to public decision making can be more productive and positive for everyone involved.","3","3","-","-","-","-","-","-","-","Fall-Odd Years"
"CE","501","Project Economic Evaluation","This course provides an introduction to the economic evaluation of projects and the fundamental principles for comparing alternative projects. Students will learn core engineering economics concepts, including the time value of money, inflation, depreciation, and taxes. Through practical applications, students will develop the skills to make informed financial decisions in various engineering contexts.","1","1","-","-","-","-","-","-","Three 50-minute lectures per week for one third of the semester.","Fall, Spring"
"CHE","643","Life Cycle Assessment","Introduction to the life cycle assessment methodology for quantifying environmental impacts of products, processes, and systems. Topics include life cycle methodology, data inventory process and databases, life cycle impact modeling approaches and software, uncertainty quantification, and practical applications to demonstrate life cycle assessment as a tool for making decisions to improve sustainability of materials, products, and system","3","3","-","-","-","-","-","-","Three hours recitation per week.","Spring"
"CHM","315","Environmental Science: A Chemistry Perspective","An analysis of important technological developments and their impact on society and on the earth's environment; ethical issues raised by technological advances. History, matter and energy, ecosystems, population issues, air pollution, water pollution, hazardous substances, environmental policies, and decision making are discussed. ","3","3","-","-","-","-","-","-","-","Fall"
"CIS","015","Undergraduate Seminar","Presentation of professional problems and practices by students, faculty, and industry professionals associated with computing and information sciences. ","0","0","-","-","-","-","-","-","One hour lecture per week. Required of all undergraduate students new to the department.","Fall, Spring"
"CIS","115","Introduction to Computing Science","A survey of the discipline of Computing Science and its interaction with other disciplines, incorporating historical development, theories, and tools of Computing Science (algorithm design and programming). Topics include: mechanical and digital computers, computational thinking, security, simulation, data science, web technologies, and more. Students will be able to explore real-world problems within computer science and research current topics.","2","2","-","-","-","-","-","-","2 hours lecture per week.","Fall, Spring"
"CIS","116","Introduction to Programming","An introduction to programming by exploring core concepts such as variables, conditionals, iteration, basic data structures,  functions, and classes. Hands-on activities to learn and apply concepts to real-world problems and ideas. Students will gain a solid foundation in programming, setting the stage for further study and professional use.","1","1","-","-","-","-","-","-","2 hours lab per week.","Fall, Spring"
"CIS","118","International Professional Development Experience","Participation in various professional development activities at an international university.","1","1","-","-","-","-","-","-","-","Spring"
"CIS","190","Undergraduate Seminar in Computing and Information Science","Topics of special interest in computing and information sciences.","1","3","-","-","-","-","-","-","-","Fall"
"CIS","200","Programming Fundamentals","Principles of algorithm design and their application to procedural programming: state, control structures, methods. Patterns of conditional and iterative control structure.  Program testing. Introduction to arrays, classes, and objects.  Programming projects.","4","4","-","-","-","-","-","-","-","Fall, Spring"
"CIS","208","C Programming for Engineers","This course introduces the application of computing to solve engineering problems using the C programming language. Students will develop foundational skills in abstraction, algorithmic thinking, and structured problem solving. Other key topics include control structures, input/output operations, functions, array processing, and memory management.","3","3","-","-","-","-","-","-","-","Fall, Spring, Summer"
"CIS","209","Python Programming for Engineers","This course introduces the application of computing to solve engineering problems using the Python programming language. Students will develop foundational skills in abstraction, algorithmic thinking, and structured problem solving. Other key topics include control structures, input/output operations, functions, and array processing.","3","3","-","-","-","-","-","-","-","Fall, Spring, Summer"
"CIS","290","Foundational Topics in Computer Science","Selected foundational topics in computer science.","1","4","-","-","-","-","-","-","Prerequisite varies with the announced topic, instructor permission required.","Fall, Spring, Summer"
"CIS","300","Data and Program Structures","A study of common data and program structures together with associated algorithms. Topics include interfaces, design patterns, arrays, stacks, queues, lists, trees, hash tables, recursion, binary search, and tree traversals. Experience with both use and implementation of these structures and algorithms using a modern programming language. Discussion of tradeoffs involving performance and software maintainability. ","3","3","-","-","-","-","-","-","Six hours lab a week.","Fall, Spring"
"CIS","301","Logical Foundations of Programming","Logical formalisms used to model and reason about computer systems. Propositional and predicate logic, syntax, semantics, and proof theory; soundness and completeness issues. Mathematical induction. Program verification: invariants and program logics. ","3","3","-","-","-","-","-","-","-","Fall, Spring"
"CIS","308","C Language Laboratory","Fundamentals of programming in C.","1","1","-","-","-","-","-","-","Three hours lab a week.","Fall, Spring"
"CIS","351","Cyber Defense Basics","Knowledge and skills needed to administer and defend computer networks and systems. Topics include the basics of computer networks, intelligence gathering, network scanning and sniffing, password security and cracking, vulnerability exploitation, distributed denial of service, logging and auditing, and wireless network security and cracking. Practice using an isolated computing network. ","1","1","-","-","-","-","-","-","One and a half hours recitation a week.","Fall, Spring"
"CIS","397","Honors Seminar in Computer Science","Honors Seminar in Computer Science","1","3","-","-","-","-","-","-","-","Other"
"CIS","400","Object-Oriented Design, Implementation, and Testing","A study of concepts and techniques used to produce quality software programs. Object-oriented concepts, models, execution environments, design and testing techniques. Extensive application of these concepts and techniques to the development of non-trivial software programs. ","3","3","-","-","-","-","-","-","Three hours recitation a week.","Fall, Spring"
"CIS","415","Ethics and Conduct for Computing Professionals","A study of the ethical issues raised by computing technologies and the impact on society. Exploration of how one might justify actions in regard to ethical dilemmas within the fields of technology, computer science, information security, and artificial intelligence. Other topics include an examination of terminology used, Profession Codes of Conduct for computer science professionals, ethics of software development, and ethical issues relating to privacy and intellectual property in cyberspace.","3","3","-","-","-","-","-","-","-","Fall, Spring"
"CIS","450","Computer Architecture and Operations","Introduction to modern computer architectures: register transfer abstraction, addressing modes, basic operations (data transfer, arithmetic/logic, and control operations). Basic Operating System concepts and operations. Understanding relationships of higher-level language constructs to corresponding assembly instruction sequences generated by compilers. Introduction to interrupts and low-level I/O operations. ","3","3","-","-","-","-","-","-","-","Fall, Spring"
"CIS","490","Special Topics in Computer Science","Current topics in computer science.","1","4","-","-","-","-","-","-","-","Other"
"CIS","497","Undergraduate Research Experience","Open to students pursuing undergraduate research projects.","0","3","-","-","-","-","-","-","-","Fall, Spring"
"CIS","499","Honors Research/Thesis","Individual research problem selected with approval of faculty advisor. A report/thesis is presented orally and in writing during the last semester.","2","4","-","-","-","-","-","-","Open to students in the College of Engineering honors program and to seniors in the College of Arts and Sciences honors program.","Other"
"CIS","501","Software Architecture and Design","Principles and patterns for design and structure of software, development of object-oriented models, examples of software architecture. ","3","3","-","-","-","-","-","-","-","Fall, Spring"
"CIS","505","Introduction to Programming Languages","History, programming language concepts including type, scope and extent, abstraction mechanisms and control; programming paradigms, including one or more of logic, functional, and object-oriented programming, and programming languages supporting the selected paradigms; interpreters, compilers and virtual machines for the selected languages; storage management and garbage collection; type checking and type inference. ","3","3","-","-","-","-","-","-","Not available for credit to students with credit in CIS 705.","Fall, Spring"
"CIS","520","Operating Systems I","Operating systems concepts, services, and implementation: interrupt processing, processes, concurrency, deadlocks, resource scheduling and system structure; resource management: real and virtual storage, input/output systems, disk scheduling and file systems; design and construction of concurrent programs. ","3","3","-","-","-","-","-","-","-","Spring"
"CIS","522","Introduction to Data Structures","Introduction to basic data structures such as stacks, queues, lists, and priority queues, and algorithmic techniques for sorting, searching and hashing. Emphasis on modularity and reuse. Introduction to the concept of object-oriented design and interface specifications. ","1","1","-","-","-","-","-","-","Three hours recitation a week. Course meets in one contiguous block of five weeks. C, or C++ programming.","Spring"
"CIS","523","Introduction to Concurrent Programming","Introduction to concurrent programming techniques based on message passing primitives (send/receive) and shared memory (semaphore based P/V operations and monitor-based wait/signal operations).","1","1","-","-","-","-","-","-","Three hours recitation a week. Course meets in one contiguous block of five weeks.","Spring"
"CIS","525","Introduction to Network Programming","Basic inter-process communication and network programming concepts including client-server and peer-to-peer, communication protocol use and specification, reliable and secure communication, and network applications including web technologies, electronic mail, and file transfer with a focus on application and implementation. ","3","3","-","-","-","-","-","-","-","Fall"
"CIS","526","Web Application Development","Fundamental principles and best practices of web development, user interface design, web API design, advanced web interfaces, web development frameworks, single-page web applications, web standards and accessibility issues.","3","3","-","-","-","-","-","-","Not available for credit to students with credit in CC 515.","Spring"
"CIS","527","Enterprise Systems Administration","Administration of the Linux operating system, including installation, configuration, distributed file systems, firewalls and security, shell scripting, and user account management. ","3","3","-","-","-","-","-","-","Three hours recitation a week. Not available for credit to students with credit in CC 510.","Spring"
"CIS","530","Introduction to Artificial Intelligence","Fundamental background in intelligent systems for undergraduate students. Intelligent agents, problem-solving, uninformed and informed (heuristic) search, game tree search, foundations of knowledge representation and reasoning using logic and probability, and a first introduction to planning and machine learning. AI topics include the problem areas of natural language processing (NLP) and perception and methodologies such as artificial neural networks and genetic and evolutionary computation. Applications to practical design and development of intelligent systems will be emphasized, leading to individual projects on current topics and applications in AI. ","3","3","-","-","-","-","-","-","Three hours lecture a week.","Fall"
"CIS","531","Introduction to Programming Techniques for Data Science and Analytics","Introduction to programming techniques for working with big data. Survey of programming concepts that underlie the MapReduce architecture, their implementation, and specific tools for data integration and data transformation. Basic databases and query processing in the context of real-world problems. ","3","3","-","-","-","-","-","-","-","Fall"
"CIS","532","Introduction to Deep Learning","Foundations of deep learning, with focus on different types of modern neural network architectures (such as convolutional neural networks, recurrent neural networks, and transformers). Regularization and optimization in the context of deep learning. Frameworks and tools for building and training deep neural networks. ","3","3","-","-","-","-","-","-","Not available for credit to students with credit in CIS 831.","Fall"
"CIS","533","Introduction to Data Science Foundations","Introduction to the foundations of data science and data analytics. Computer science concepts used for making discoveries in data. Data wrangling, feature engineering, classification, regression, clustering, outlier detection, societal aspects of data science, and more. Analysis of real-word data. ","3","3","-","-","-","-","-","-","-","Fall"
"CIS","536","Introduction to Computer Graphics","Introduction to computer graphics for undergraduate students. Mathematical foundations (e.g., linear, affine, and projective transformations) and fundamental topics in realistic rendering: view normalization, clipping and culling, scan conversion of lines and polygons, shading and illumination, texture mapping, user interfaces, picking, and collision handling. Intermediate topics include shaders, procedural textures, particle systems, basics of animation, fractals, color theory, and ray tracing. ","3","3","-","-","-","-","-","-","Three (3) hours lecture a week. Not available for credit to students with credit in CIS 636.","Spring"
"CIS","537","Computer Vision","Theory and applications of computer vision. Introduction to computer vision, introduction to image formation,
binary image processing, image enhancement and ltering, computational photography, geometric
transforms, image features, image recognition, video analysis, deep learning-based computer vision,
convolutional neural networks, and other selective topics on computer vision.","3","3","-","-","-","-","-","-","Not available for credit to students with credit in CIS 737.","Spring"
"CIS","544","Advanced Software Design and Developement","Advanced concepts and practicum in object-oriented analysis, modeling, design, implementation, testing, and use of CASE tools; relationships among structural, static, and dynamic models; relationship among conceptual, system, and implementation models. ","3","3","-","-","-","-","-","-","Not available for credit to students with credit in CIS 744.","S,U"
"CIS","551","Fundamentals of Computer and Information Security","An introduction to computer and information security, including common attack techniques, application of cryptography in security, authentication and authorization, network security, enterprise network defense, web security, and analysis of design flaws that render a system vulnerable. Course projects provide hands-on experience on both the defense and offense aspects in cyberspace. ","3","3","-","-","-","-","-","-","Three hours recitation a week.

Not available for credit to students with credit in CIS 751.","Fall"
"CIS","553","Fundamentals of Cryptography","Introduction to the fundamentals of cryptography, including mathematical background, classical ciphers, public key encryption, block and stream ciphers, cryptographic hash functions, digital signatures, common attacks, and basic security protocols. ","3","3","-","-","-","-","-","-","Two hours lecture and two hours lab a week. 

Not available for credit to students with credit in CIS 753.","Spring"
"CIS","560","Database System Concepts","Concepts, approaches, and techniques in database management. Representation of information as data, data storage techniques, foundations of logical data models, data retrieval, database design, transaction management, integrity and security. ","3","3","-","-","-","-","-","-","Three hours lecture a week.","Fall, Spring"
"CIS","561","Introduction to Data Science in Practice","The development and implementation of computer science solutions to practical data science problems in science and industry. Implementing computer programs and applying computational tools to turn real-world data into knowledge and solve real-world data science problems. Includes a substantial capstone component.","3","3","-","-","-","-","-","-","Not available for credit to students with credit in CIS 861.","Spring"
"CIS","570","Introduction to Formal Language Theory","Formal languages, automata, regular expressions, grammars, introduction to computability theory. Reading and writing informal mathematical proofs pertaining to these topics. ","3","3","-","-","-","-","-","-","Not available for credit to students with credit in CIS 770.","Fall"
"CIS","575","Introduction to Algorithm Analysis","An introduction to mathematical analysis of time- and space-complexity of algorithms, including worst-case, average-case, and amortized complexity. An examination of various algorithmic designs, such as greedy algorithms, divide-and-conquer algorithms, and dynamic programming algorithms. Techniques for proving correctness of algorithms. ","3","3","-","-","-","-","-","-","-","Spring"
"CIS","580","Fundamentals of Game Programming","Fundamental principles of programming games. Foundational game algorithms and data structures. Two-dimensional graphics and game world simulation. Development for multiple platforms. Utilization of game programming libraries. Design of multiple games incorporating topics covered.","3","3","-","-","-","-","-","-","Three hours lecture a week.","Spring"
"CIS","585","Game Engine Design","Current practices of game engine development. The game engine as a soft real-time multi-agent simulation.  Three-dimensional graphics and animation techniques, scene management, physics simulation, event systems, resource management, and network game architectures.  Design and prototyping of a general use game engine. ","3","3","-","-","-","-","-","-","-","Spring"
"CIS","590","Special Topics in Computer Science","Selected topics in computer science.","1","4","-","-","-","-","-","-","Permission of instructor.","On sufficient demand"
"CIS","591","Computer Science Applications","-","3","3","-","-","-","-","-","-","-","-"
"CIS","596","Entrepreneurial Computer Science Project","Directed studies: selection, investigation and report on some topic not covered in prior courses; may include an implementation and/or experimentation component; may be done in collaboration with other students. Completion of a final report with literature review and project evaluation.","3","3","-","-","-","-","-","-","-","Fall, Spring"
"CIS","598","Computer Science Project","Directed studies: selection, investigation and report on some topic not covered in prior courses; may include an implementation and/or experimentation component; may be done in collaboration with other students. Completion of a plan, two reviews, and a final report with literature review and project evaluation.","3","3","-","-","-","-","-","-","-","Fall, Spring"
"CIS","599","Cybersecurity Project","Directed studies: selection, investigation and report on some topic not covered in prior security courses; may include an implementation and/or experimentation component; may be done in collaboration with other students. Completion of a final report with literature review and project evaluation.","3","3","-","-","-","-","-","-","-","Fall, Spring"
"CIS","604","Set Theory and Logic for Computer Science","Informal and axiomatic set theory, propositional and predicate logic, proof techniques. ","3","3","-","-","-","-","-","-","-","Other"
"CIS","621","Real-Time Programming Fundamentals","Relationship between C/C++ constructs and corresponding assembly code generated by compilers. Introduction to special techniques used to implement micro-controllers, such as initialization of programmable CPU modules/peripheral devices, techniques to link assembly and C/C++ codes, producing ROM-able code, and EPROM burning/Flash programming. ","1","1","-","-","-","-","-","-","Three hours recitation a week. Course meets in one contiguous block of five weeks.","Fall"
"CIS","622","Real-Time Operating Systems","Basic real-time operating systems concepts and services; interrupt processing; process and thread models; real-time software architectures and development environments. Detailed study of design and implementation of real-time applications using real-time operating systems.","1","1","-","-","-","-","-","-","Three hours recitation per week. Course meets in one contiguous block of five weeks.","Fall"
"CIS","625","Concurrent Software Systems","Architecture, design, modeling, implementation, and verification of concurrent, parallel, and distributed software; aspects such as real-time programming, parallel simulation; fault-tolerant programming; grid computing, embedded systems control. ","3","3","-","-","-","-","-","-","-","Fall"
"CIS","635","Introduction to Computer-Based Knowledge Systems","Introduction to the applications of artificial intelligence concepts to solving knowledge-dependent tasks. Review of knowledge-representation ideas. Survey of expert system design. Introduction to existing knowledge-based tools available on personal computers. Development of an intelligent system.","3","3","-","-","-","-","-","-","-","Fall"
"CIS","636","Interactive Computer Graphics","Devices and software for graphics display and user interaction, development of software for direct graphic manipulation applications. ","3","3","-","-","-","-","-","-","-","Fall, Spring"
"CIS","640","Software Testing Techniques","Survey of software testing methodologies; evaluation of software testing strategies; experience in a variety of software testing practices.","3","3","-","-","-","-","-","-","-","Spring"
"CIS","641","Software Engineering Design Project","Current practices of software development, requirements, design, prototyping, measures and evaluations. Specification, design, and prototyping of a software system. ","3","3","-","-","-","-","-","-","Not available for credit to students with credit in CIS 642.","Fall"
"CIS","642","Software Engineering Project I","The first semester of a two-semester capstone course. Current practices of software development, requirements, design, prototyping, measures and evaluation. Specification, design, and prototyping of a software system. ","3","3","-","-","-","-","-","-","Not available for credit to students with credit in CIS 641.","Fall"
"CIS","643","Software Engineering Project II","Continuation of CIS 642. Final implementation, integration, and testing of a software system. Introduction to configuration management, project management, and software maintenance. ","3","3","-","-","-","-","-","-","-","Spring"
"CIS","644","Object Oriented Design and Development","-","3","3","-","-","-","-","-","-","-","-"
"CIS","645","Software Development Environments","Survey of current development environments and/or an in-depth study of one development environment.","3","3","-","-","-","-","-","-","-","On sufficient demand"
"CIS","655","Security and Reliability of Computing Systems","Fundamentals of security and reliability of computing systems from both hardware and software perspectives. Topics include symmetric and asymmetric cryptography, artificial intelligence (AI) safety and security, selected topics from hardware-based security, introduction to reliability and fault tolerance, hardware fault tolerance, and software fault tolerance. ","3","3","-","-","-","-","-","-","-","Fall"
"CIS","690","Implementation Projects","The department will suggest various design or implementation projects for individuals or groups in areas such as translators, interpreters, microprogramming, minicomputer operating systems, graphics, numerical software, etc. ","3","3","-","-","-","-","-","-","-","Fall, Spring, Summer"
"CIS","705","Programming Languages","Programming language concepts, including typing, scoping, abstraction and exceptions; programming paradigms, including one or more of logic, functional, object-oriented and concurrent programming, and programming languages supporting the selected paradigms; introduction to programming language semantics; programming language design; development environments. ","3","3","-","-","-","-","-","-","Not available for credit to students with credit in CIS 505.","Fall"
"CIS","706","Translator Design I","Compilers and interpreters, including description of languages, finite state scanners. LL(1) parsing, symbol tables, syntax-directed semantics, simple code generation. Constructing a simple compiler. ","3","3","-","-","-","-","-","-","-","Fall"
"CIS","720","Advanced Operating Systems","Process synchronization and communication, distributed programming primitives, transactions and concurrency control, distributed scheduling, distributed storage, deadlock, security. ","3","3","-","-","-","-","-","-","-","Other"
"CIS","721","Real-Time Systems","The design of hard real-time embedded systems, including language and operating system support, scheduling, schedulability analysis, fault tolerance, and design tools. ","3","3","-","-","-","-","-","-","-","Other"
"CIS","722","Operating System Practices","Structure and functions of modern operating systems. Emphasis on reading and modifying the source code of a working operating system. This includes memory management, input/output, process management, file systems, and network interconnection software construction. ","3","3","-","-","-","-","-","-","-","Spring"
"CIS","725","Advanced Cmputer Networks","Network algorithms; routing and congestion control; protocol engineering; protocol decomposition, specification and verification, synthesis; protocols for high speed networks; parallel implementations, light-weight protocols. ","3","3","-","-","-","-","-","-","-","Other"
"CIS","726","Advanced World Wide Web Technologies","An advanced course on the technologies that make up the World Wide Web. WWW site designs and analysis, WWW software architecture, server-side technologies, dynamic executable scheduling, digital libraries, WWW security. ","3","3","-","-","-","-","-","-","-","Spring"
"CIS","730","Principles of Artificial Intelligence","Introduction to the fundamental concepts and techniques of AI: problem solving, search and planning, knowledge representation and qualitative reasoning, expert systems, natural language processing and cognitive modeling, computer vision, and machine learning. ","3","3","-","-","-","-","-","-","-","Spring"
"CIS","731","Programming Techniques for Data Science and Analytics","Intermediate programming techniques for data science. Survey of programming concepts that underlie MapReduce, Apache Hadoop, and Spark, along with related tools. NoSQL, search tools, graph databases, and visualization presented in the context of real-world problems involving data integration and transformation. ","3","3","-","-","-","-","-","-","-","Fall"
"CIS","732","Machine Learning and Pattern Recognition","Theory and methodology of inductive learning, including decision trees, artificial neural networks, probabilistic and instance-based learning, and inductive logic programming; unsupervised and reinforcement learning, bagging and boosting; genetic algorithms and genetic programming; and applications to data mining. ","3","3","-","-","-","-","-","-","-","Fall"
"CIS","733","Data Science Foundations","Methods used for making discoveries in complex data and turning data into knowledge. Handling big data and """"small data"""", feature engineering, convolutions, classification, regression, using clustering for discovery, novelty detection, statistical inference, research design, prescriptive analytics, and more. Using standard software packages and libraries for preparing and analyzing data, implementing supervised machine learning, and visualization. ","3","3","-","-","-","-","-","-","-","Fall"
"CIS","734","Introduction to Genomics and Bioinformatics","A problem solving approach to understanding genomics and bioinformatics. Practical use of databases and web-based tools used to study biological problems. Introduction to the algorithms behind these tools.","4","4","-","-","-","-","-","-","Three hours lecture and one-and-a-half hours lab a week.","Spring-Even Years"
"CIS","736","Computer Graphics","Topics in computer representation and display of images and graphic interaction.","3","3","-","-","-","-","-","-","-","Other"
"CIS","737","Advanced Computer Vision","Theory and applications of computer vision. Introduction to computer vision, introduction to image formation, binary image processing, image enhancement and ltering, computational photography, geometric transforms, image features, image recognition, video analysis, deep learning-based computer vision, convolutional neural networks, and other selective topics on computer vision.","3","3","-","-","-","-","-","-","Not available for credit to students with credit in CIS 537.","Spring"
"CIS","738","Responsible Use of Artificial Intelligence and Machine Learning","The course covers the theory and practice of AI and machine learning ethics. Topics include AI bias, robustness of AI systems, fairness in AI, AI and privacy, safe uses of AI, statistical inference of AI/ML results, and more. The course also includes a final project focused on the analysis of a real-word AI system.","3","3","-","-","-","-","-","-","-","Spring"
"CIS","739","Natural Language Processing","This graduate elective introduces deep learning methods for natural language processing, covering neural architectures such as CNNs, RNNs, transformers, and large language models. Students gain hands-on experience implementing and evaluating NLP models in PyTorch, with emphasis on representation learning, attention, transfer learning, prompting, and real-world applications.","3","3","-","-","-","-","-","-","-","Spring"
"CIS","740","Software Engineering","Software life cycle, requirements, specifications, design, validation, measures, and maintenance. ","3","3","-","-","-","-","-","-","-","Other"
"CIS","744","Advance Software Analysis and Design","Advanced concepts and practicum in object-oriented analysis, modeling, design, implementation, testing, and use of CASE tools; relationships among structural, static, and dynamic models; relationship among conceptual, system, and implementation models. ","3","3","-","-","-","-","-","-","Not available for credit to students with credit in CIS 544.","S,U"
"CIS","746","Software Measurement","Measurement theory; development, validation and use of software measures; software measures in the life cycle, including cost estimation, design measures, software complexity and software reliability. ","3","3","-","-","-","-","-","-","-","Other"
"CIS","748","Advanced Software Management","Topics related to the management of software, including organization, project planning, process models, life cycle models, TQM, software quality assurance, cost estimation, configuration management. ","3","3","-","-","-","-","-","-","-","S,U"
"CIS","750","Advanced Computer Architecture","Fundamentals of quantitative design of computer architectures, memory hierarchy design, instruction-level parallelism, data-level parallelism, thread-level parallelism, parallel programming, parallel performance analysis, and warehouse-scale computers. ","3","3","-","-","-","-","-","-","Two hours lecture and three hours lab a week.","On sufficient demand"
"CIS","751","Computer And Information Security","A comprehensive coverage of computer and information security. Basic cryptography, access control, authentication, authorization, network security, software security, and social aspects of security. The lectures discuss when and where things can go wrong and how design flaws in a system can be exploited to compromise security. Common attack techniques are introduced, and students have the opportunity to work on course projects that cover both the defense and offense aspects in cyberspace. ","3","3","-","-","-","-","-","-","Not available for credit to students with credit in CIS 551.","Fall"
"CIS","753","Applied Cryptography","Fundamentals of cryptography, including mathematical background, classical ciphers, public key encryption, block and stream ciphers, cryptographic hash functions, digital signatures, common attacks, and basic network security. ","3","3","-","-","-","-","-","-","-","Spring"
"CIS","755","Systems Security","In-depth coverage of advanced theoretical and practical security techniques with emphasis on construction of new systems and auditing and repair of existing security-critical systems using rigorous design, risk analysis, and engineering methods and application of state-of-art theoretical tools. ","3","3","-","-","-","-","-","-","-","Spring"
"CIS","761","Data Base Management Systems","Data models and languages, hierarchical, network, relational systems; implementational and operational requirements; programming projects using data base management systems.","3","3","-","-","-","-","-","-","-","Other"
"CIS","762","Office Automation","Characteristics of information work; modeling systems for characterizing aspects of office environment; form-based systems; office automation and description languages, ergonomics, local area networks and tools used in the automation of offices. ","3","3","-","-","-","-","-","-","-","Other"
"CIS","764","Database Design","Conceptual, logical, physical, and user interface design for database management systems. ","3","3","-","-","-","-","-","-","-","On sufficient demand"
"CIS","770","Formal Language Theory","Regular languages, finite automata, context-free languages, pushdown automata, context-sensitive languages, linear bounded automata, recursively enumerable languages, Turing machines. ","3","3","-","-","-","-","-","-","Not available for credit to students with credit in CIS 570.","Spring"
"CIS","771","Software Specification","Formal logic or specification of software components; algebraic vs. model-based specifications; common abstract types; verification of properties of specifications; introduction to specification of concurrent systems.","3","3","-","-","-","-","-","-","-","Other"
"CIS","775","Analysis of Algorithms","Study and application of techniques and procedures used in the analysis of algorithms including the worst and average cases of both time and space. Study of the P and NP classes.","3","3","-","-","-","-","-","-","-","Fall"
"CIS","798","Topics in Computer Science","Topics in Computer Science","1","18","-","-","-","-","-","-","-","Other"
"CIS","801","Translator Design II","LR parsing, storage allocation, code generation, data flow optimization, compiler generators. ","3","3","-","-","-","-","-","-","-","On sufficient demand"
"CIS","806","Semantics of Programming Languages","Introduction of formal semantics description methods for programming languages; comparison of operational, denotational, algebraic, and axiomatic methods; analysis of relationship of formal semantics definitions to computer implementation. ","3","3","-","-","-","-","-","-","-","Other"
"CIS","810","Logic Programming","Selected topics; constraint logic programming, deductive databases, concurrent logic programming, object-oriented logic programming, mathematical theory of logic programming specification and transformation of logic programs. ","3","3","-","-","-","-","-","-","Knowledge of Prolog.","Other"
"CIS","820","Topics in Theory of Asychronous Systems","Safety and liveness properties, synchronous and asynchronous message passing systems, virtual circuit and datagram communication, process failure, concepts of composition and superimposition, temporal logic, reachability analysis, theory of concurrency control, atomic commitment, replica control. ","3","3","-","-","-","-","-","-","-","Other"
"CIS","825","Topics in Distributed Systems","Models of distributed computation, events and global states, failure semantics, communication abstractions, synchronization in distributed programs; distributed algorithms: election, termination and deadlock detection, broadcast programming and algorithms. ","3","3","-","-","-","-","-","-","-","Other"
"CIS","826","Protocol Engineering","Basic concepts of protocol design, specification languages and formal description techniques, safety and liveness properties, protocol validation, protocol synthesis, protocol translation and conformance testing. ","3","3","-","-","-","-","-","-","-","Other"
"CIS","830","Current Topics in Artificial Intelligence","Advanced techniques and new ideas in artificial intelligence. Includes applications and case studies of artificial intelligence in action.","3","3","-","-","-","-","-","-","-","Other"
"CIS","831","Deep Learning","Foundations of deep learning, with focus on different types of modern neural network architectures (such as convolutional neural networks, recurrent neural networks, and transformers). Regularization and optimization in the context of deep learning. Frameworks and tools for building and training deep neural networks.  ","3","3","-","-","-","-","-","-","-","Fall"
"CIS","832","Knowledge Representation for the Semantic Web","Knowledge representation languages for data sharing and integration, in particular the W3C Semantic Web standards RDF, OWL and SPARQL; state of the art knowledge graph and knowledge graph schema modeling process; ontology design patterns; modular ontology engineering. ","3","3","-","-","-","-","-","-","-","Fall, Spring"
"CIS","833","Information Retrieval and Text Mining","Theory and practice of search engines for retrieving textual information; basic and advanced topics, with emphasis on newer technologies that go beyond simple keyword search; the use of MapReduce framework to process large collections of documents. ","3","3","-","-","-","-","-","-","Instructor permission.","Fall"
"CIS","834","Machine Learning for Bioinformatics","The course will cover some of the most important machine learning algorithms (including semi-supervised and transfer learning algorithms) and their applications to bioinformatics.","3","3","-","-","-","-","-","-","Instructor permission.","Spring-Odd Years"
"CIS","835","Neuro-Symbolic Artificial Intelligence: Deep Learning and Knowledge Representation","State of the art in combining deep learning with symbolic artificial intelligence approaches based on the newest research publications on the topic.","3","3","-","-","-","-","-","-","Instructor permission","Spring"
"CIS","836","Knowledge Graphs","State of the art in knowledge graph based data management and applications; based on the newest research publications on the topic.","3","3","-","-","-","-","-","-","Instructor permission","Spring"
"CIS","841","Verification and Validation","Practical techniques for verifying and validating software including formal verification, software testing, reliability measurement and modeling. ","3","3","-","-","-","-","-","-","-","Other"
"CIS","842","Specification & Verification of Reactive Systems","Review of formal specification languages; architecture of concurrent and reactive systems; specification methods including: Z, Petri nets, temporal logic, state transition models; development and evaluation of system specifications; verification structures including layered systems, serialization, and predicate automata. ","3","3","-","-","-","-","-","-","-","Other"
"CIS","844","Agent-Oriented Software Engineering","Analysis, design, and implementation of large, complex, distributed, and adaptive software systems using agent-oriented paradigm. Will survey various modeling languages and agent-oriented methodologies. ","3","3","-","-","-","-","-","-","-","Spring"
"CIS","855","High Assurance Systems","Techniques for developing high assurance (safety critical, security critical, or mission-critical in nature) systems. Topics include writing requirements for safety-critical systems, formal architecture definition, risk management techniques including various forms of hazard analysis, safety systems, and verification and validation. ","3","3","-","-","-","-","-","-","-","Spring"
"CIS","860","Advanced Database Systems","Advanced topics in database and intelligent information systems. Possible topics include active, temporal, object-oriented, and multimedia databases, warehousing and data mining. ","3","3","-","-","-","-","-","-","-","Other"
"CIS","861","Data Science in Practice","Application of data science paradigms, tools, and protocols to solve real-world problems within science and industry. ","3","3","-","-","-","-","-","-","Instructor consent.","Spring"
"CIS","864","Data Engineering","Advanced topics in database design and maintenance including performance monitoring, query optimization and tuning in centralized and distributed data systems. ","3","3","-","-","-","-","-","-","-","Other"
"CIS","870","Automata and Computability I","Formal models for computability; universal programs; Church's thesis; unsolvable problems and reducibilities; partial recursive functions; recursive and recursively enumerable sets; s-m-n theorem and the recursion theorem.","3","3","-","-","-","-","-","-","-","Other"
"CIS","890","Special Topics in Computer Science","Topics of the current state-of-the-art of computer science.","2","4","-","-","-","-","-","-","-","Fall, Spring, Summer"
"CIS","895","Mse Project","This course takes the student through the process of developing a project. This process typically takes more than one semester to complete. Includes reviews and walkthroughs of the requirements, design, and implementation. ","0","6","-","-","-","-","-","-","-","Other"
"CIS","897","Seminar in Computer Science","Introduction to computing as a discipline; the relationship of computing to other disciplines; the interaction of computing and ethics; the development of a written and oral research proposal.","1","3","-","-","-","-","-","-","-","Fall, Spring, Summer"
"CIS","898","Master's Report in Computer Science","Master's Report in CIS","1","3","-","-","-","-","-","-","-","Fall, Spring, Summer"
"CIS","899","Research in Computer Science","Research in Computer Science","1","6","-","-","-","-","-","-","-","Other"
"CIS","905","Theory of Programming Languages","Formal definition languages; operational and formal semantic models; equivalence of semantic models; formal properties of programming languages.","3","3","-","-","-","-","-","-","-","Other"
"CIS","920","Research Topics in Distributed Systems","Topics on current state-of-the-art research in distributed systems.","3","3","-","-","-","-","-","-","Permission of the instructor.","Other"
"CIS","940","Theory of Software Engineering","Research on one of the topics in CIS 840.","3","3","-","-","-","-","-","-","-","Other"
"CIS","960","Theory of Data Base Systems","Advanced topics in data base systems including distributed data bases, integrity, security, normalization, data base machines, performance models, query languages. ","3","3","-","-","-","-","-","-","-","Other"
"CIS","990","Research Topics","Study of current topics in computer science.","1","3","-","-","-","-","-","-","Permission of the instructor.","Other"
"CIS","999","Research in Computer Science","Research in Computer Science","1","18","-","-","-","-","-","-","-","Other"
"CMST","110","Introduction to Visual Basic","Computer programming using Visual Basic for students who are not majoring in computer systems technology or web development technology. Topics include variable and constant declarations, data types, arithmetic expressions, decision structures, repetition structures, sequential files and arrays. Emphasis on problem solving and program structure.    ","3","3","-","-","-","-","-","-","-","Fall"
"CNRES","300","Introduction to Conflict Resolution","This course is a survey of conflict resolution strategies that will provide students with the knowledge and applicable skills to be better classmates, friends, and co-workers in their future careers. It is applicable for a wide array of majors and disciplines. Emphasis will be given equally to foundational concepts of how to manage conflict more effectively, as well as in-class exercises that allow students to practice these new skills. ","3","3","-","-","-","-","-","-","-","Fall, Spring, Summer"
"CNRES","532","Conflict Resolution Across Cultures & Contexts","The course explores the cultural components of conflict by examining the dynamics of interpersonal beliefs and socialization, cross cultural conflict theory, and issues related to application in a variety of settings. This course is designed to be an exercise in critical thinking, cultural exploration, and self-reflection. ","3","3","-","-","-","-","-","-","-","Fall"
"CNRES","537","Elder and Family Decision Making","This course focuses on the specialized skills and techniques for successfully facilitating adult family conversations around issues such as living arrangements, caregiving, driving, medical decisions, family communication, financial planning, inheritance/personal property distribution, trusts and estates. ","3","3","-","-","-","-","-","-","-","Intersession"
"CNRES","752","Culture and Conflict","This course is an exercise in critical thinking, cultural exploration, and self-reflection. It explores the cultural dimensions of conflict, including the role of culture in defining conflict for individuals and groups. The dynamics of interpersonal beliefs and socialization, cross cultural conflict theory, and issues related to application are also examined. ","3","3","-","-","-","-","-","-","-","Fall"
"CNRES","757","Elder and Family Decision Making","This course focuses on the specialized skills and techniques for successfully facilitating adult family conversations and around issues such as living arrangements, caregiving, driving, medical decisions, family communication, financial planning, inheritance/personal property distribution, trusts and estates. ","3","3","-","-","-","-","-","-","-","Intersession"
"COMM","105","Public Speaking 1A","Alternate to COMM 106. Principles and practice of message preparation, audience analysis, presentational skills, and speech criticism. ","2","2","-","-","-","-","-","-","Primarily granted for students whose curricula require a 2-credit hour course. Credit not granted for both COMM 105 and 106.","Fall, Spring, Summer"
"COMM","106","Public Speaking l","Principles and practice of message preparation, audience analysis, presentational skills, and speech criticism permitting greater practice in oral presentation. ","3","3","-","-","-","-","-","-","Credit not granted for both COMM 105 and 106.","Fall, Spring, Summer"
"COMM","325","Argumentation and Debate","Basic theories of argumentation with emphasis on the construction and criticism of well reasoned and supported positions.","3","3","-","-","-","-","-","-","-","Fall, Spring"
"COMM","431","Criticism of Public Discourse","An examination of public influence based on study of historical and contemporary models of rhetorical criticism. The students' critical experiences will focus on a broad array of public discourse including political, social, and cultural messages. ","3","3","-","-","-","-","-","-","-","Fall"
"COMM","535","Communication and Leadership","A study of the ways in which leadership in differing contexts is defined and exercised through communication. Constructs examined include: credibility, charisma, vision, power, myth, and public memory. ","3","3","-","-","-","-","-","-","-","Spring"
"COMM","730","Classical Rhetorical Theory","Study of rhetorical theory and criticism from early Greek to Roman times.","3","3","-","-","-","-","-","-","-","Fall"
"COMM","733","Rhetorical Criticism","Study of traditional and contemporary approaches to the analysis of public discourse.","3","3","-","-","-","-","-","-","-","Spring"
"COMM","834","The Rhetoric of Social Movements","Study of the theory and criticism of social movement rhetoric. Topics may include the development of movement studies as a distinct genre of scholarship within the field of communication studies, questions and controversies in the rhetorical study of movements, and the rationale for protest tactics, from nonviolence to terrorism. ","3","3","-","-","-","-","-","-","-","Fall-Even Years"
"COT","405","Methods of Problem Solving for Integrated Professional Studies","Practice in applying creative problem solving methods to a selection of problems solicited from multiple disciplines. Analysis of student solutions will examine similarities and difference between disciplines with regard to strategic exploration, identifying and validating constraints, testing assumptions, defending choices and approaches, and making decisions. Cases are deliberately chosen such that conventional solutions are not immediately apparent, where procedural algorithms and instructional troubleshooting scripts are inadequate or unavailable, and for which exact solutions might not actually exist. ","3","3","-","-","-","-","-","-","-","Spring"
"COT","480","Professional Conduct, Ethics, and Analysis","Examines the ethical foundations of professional conduct and decision-making in the workplace. Through reading and discussing ethical works, case studies, and contemporary ethical policies/procedures, students will develop the skills necessary for analysis, discourse, and ethical decision-making in a professional work setting. ","3","3","-","-","-","-","-","-","-","Fall, Spring"
"COT","676","Low-Altitude Remote-Sensing Product/Project Development","Building on the skills acquired in COT 674 and 675, students fly a low-altitude remote-sensing mission to obtain geospatial data to process, manipulate, and analyze as the means of developing a finished product in areas of interest to the student. Potential areas of investigation include: precision agriculture, environmental remediation, fire management, wildlife studies, or stewardship of managed ecosystems. ","3","3","-","-","-","-","-","-","-","Fall"
"COT","702","Applied Research Skills and Methods","Survey of qualitative and quantitative research methods; use of a range of tools to develop applied research skills focusing on literature reviews. Examines applied research concepts, methods, and skills to foster enlightened decision making in professional practice. ","3","3","-","-","-","-","-","-","Three hours lecture a week.","Spring"
"COT","704","Managerial Finances, Metrics, and Analytics","Provides an overview of an organization's financial statements, with an emphasis on the interaction between people in management positions and those statements, as well as an examination of the business investment decision-making process. Explores the use of metrics and analytics to measure and improve managerial performance. ","3","3","-","-","-","-","-","-","-","Spring"
"COT","706","Informatics and Technology Management","Provides theoretical and practical experience in using information technology to support organizational decision-making processes. Provides tools in areas such as statistics, research methods, data mining, and information technology to develop solutions tailored to business problems. ","3","3","-","-","-","-","-","-","-","Spring"
"CYBR","710","Advanced Data Analytics for Cybernetic Systems","This course prepares students to gather, describe, and analyze data, and use advanced statistical tools to make decisions on operations, risk management, finance, marketing, etc. Analysis is done targeting economic and financial decisions in complex systems that involve multiple partners. Topics include probability, statistics (hypothesis testing, regression), clustering, decision trees, and forecasting. ","3","3","-","-","-","-","-","-","-","Fall, Spring"
"DANCE","110","Breathe, Move, Be","Through gentle movement, body awareness and breathing exercises, this course introduces students to the holistic well-being, movement efficiency and creative choice-making that are the result of somatic movement education. A wonderful foundation for any movement practice and excellent recuperation from the demands of academic life, this course is accessible to those with no prior movement training and prioritizes self-knowledge, acquired through the living body.","3","3","-","-","-","-","-","-","-","Fall or Spring"
"DANCE","115","Yoga for Restoration","Improve balance, flexibility and body awareness through an exploration of Yoga postures and breathing exercises. Excellent cross-training and recuperation for performers and athletes, this course also serves anyone seeking to strengthen their body to calm their mind. Key alignment principles and standard modifications to increase or decrease difficulty will be introduced, as will be the basics of Yoga philosophy.","3","3","-","-","-","-","-","-","-","Fall or Spring"
"DEN","325","Engineering Professionalism and Decision Making","An introduction to the complexities of making decisions as an engineer.  Students will explore the relationship between ethics and engineering by applying classical moral theory and decision making concepts to evaluate engineering issues and decisions encountered in academic and professional careers.","1","1","-","-","-","-","-","-","One hour lecture and one hour activity a week.","Spring"
"DMP","610","Feedlot Health Systems","Health of cattle in a commercial feedyard. Includes health risk assessment, cattle handling, processing, vaccination protocols, identification/treatment of sick cattle, necropsy techniques, using computer data to make management decisions for feeder cattle, other management issues. Discussion of disease syndromes and foreign diseases. ","2","2","-","-","-","-","-","-","-","Fall"
"DMP","726","GIS Applications in Animal and Public Health Lab","Through hands-on laboratory exercises different technical methods of applying GIS for health data analysis, spatial analytical methods, model building, cartographic principles and geographic visualization are explored. ","1","1","-","-","-","-","-","-","-","Fall, Spring"
"DMP","830","Quantitative Analysis in Veterinary Medicine","Practical experience managing, describing, and interpreting data from animal health and management systems so that the data can be informative for decision-makers evaluating and implementing health programs, diagnostic strategies, and animal management processes. ","3","3","-","-","-","-","-","-","-","Fall"
"DMP","858","Introduction to Infectious Disease Modeling for Animal Health","This is a graduate-level course focused on understanding and implementing infectious disease models using Excel and Monte-Carlo Statistical Methods as well as Spatially Explicit Stochastic models. The course is focused on food animal diseases using a mixture of lecture, scientific literature evaluation, discussion and hands on computer lab exercises.","3","3","-","-","-","-","-","-","-","Other"
"ECE","540","Applied Scientific Computing for Engineers","Mathematical and programming techniques for solving various classes of numerical problems.  General topics, such as the precision of floating point numbers are also discussed. Statistics, linear algebra and optimization are the primary classes of numerical problems addressed.","3","3","-","-","-","-","-","-","-","Fall, Spring"
"ECE","649","Computer Design I","Concepts of computer design.  Information representation, instruction sets and addressing modes.  Arithmetic and logic unit design for fixed and floating point operations. Hardwired and microprogrammed control design. Concepts of pipelining, CISC and RISC architecture. Memory system design including virtual memory, caches and interleaved memories. I/O design methods, interrupt mechanisms, DMA and system integration. ","3","3","-","-","-","-","-","-","Three hours lecture a week.","Fall, Spring"
"ECE","963","Detection & Estimation Theory","Theoretical foundations of detection and estimation theories. Bayesian decision theory with applications to signal detection in discrete time; concept of sufficient statistic and minimum variance unbiased estimation; Bayesian estimation; best linear unbiased estimation; Kalman filtering and its variants; filtering, smoothing and prediction applications across various engineering fields. ","3","3","-","-","-","-","-","-","Three hours lecture a week.","Spring"
"ECED","597","Home, School, and Community Partnerships","Strategies to enhance home-school communication with specific focus on families as the primary decision-makers for young children, with or without special needs. Emphasis on the development of family focused and culturally sensitive collaborations involving parents, schools, and the community to support child development, learning, and well-being.","3","3","-","-","-","-","-","-","-","Fall"
"ECET","100","Basic Electronics","A survey course designed to provide an overview of basic direct and alternating current circuits and an introduction to linear and digital electronics. Laboratory exercises reinforce circuit theory and provide skills in the use of common electronic instruments.","3","3","-","-","-","-","-","-","Two hours lecture and two hours lab a week.","Fall, Spring"
"ECON","631","Principles of Transportation","Examines the transportation market from the shippers' point of view by examining the impact of transportation on business firm decisions such as location, markets, and prices. Also covers the costs, prices, and service characteristics of railroads, motor carriers, water carriers, oil pipelines and airlines. The role and impact of government in the transportation market is examined from both a promotion and regulation perspective. ","3","3","-","-","-","-","-","-","-","Fall, Spring"
"ECON","832","Public Sector Analysis","Conditions for economic efficiency in the public sector; public good production functions; nonmarket decision making; rationale for public sector growth; systems analysis, cost-benefit and related techniques of allocating public goods. ","3","3","-","-","-","-","-","-","-","Other"
"ECON","840","Managerial Economics","Economic analysis of production, cost, and demand functions. Application of economic models to managerial decision making. ","3","3","-","-","-","-","-","-","-","Fall"
"EDACE","833","Digital Leadership Development in Adult Education","Provides an essential introduction into digital leadership development (DLD) in adult education. Helps students acquire the skills and competencies required of adult educational leaders and administrators to make well-grounded decisions in providing leadership on planning and designing digital learning environments and experiences. Also discusses social, ethical, and human issues related to digital leadership development and adult learners.","3","3","-","-","-","-","-","-","-","Summer"
"EDACE","863","Creating a Culture of Evidence and Inquiry","Students will explore how to develop and foster of cultures of evidence and inquiry from enrollment to outcomes. Other important topics include development and use of actionable information to make decisions and measure effectiveness, and  robust common measures to benchmark and improve institutional performance ","2","2","-","-","-","-","-","-","-","On sufficient demand"
"EDACE","922","Policy Formation and Public Process","Designed to provide students with a thorough background to the principal public policy issues that are impacting American community college education.  The background and analysis will be viewed through a specific theory of public policy and decision making as a means of structure.","2","2","-","-","-","-","-","-","-","On sufficient demand"
"EDACE","923","Field Study Policy and Public Process","The opportunity to: (1) examine the theory of public policy and political decision making; and (2) work in-depth on a chosen issue of public policy related to community college education","1","1","-","-","-","-","-","-","-","On sufficient demand"
"EDCEP","110","Study Skills and Strategies","Assists first-year students in developing effective study skills, collaboration skills, and multicultural competencies. Prepares students for the independent learning and decision-making skills needed for their sophomore year and beyond. ","1","3","-","-","-","-","-","-","Recitation.","Fall, Spring"
"EDCEP","120","Academic and Career Decisions","Addresses general principles of academic and career choice through lectures, class discussions, and individual research. Topics include decision-making models and principles; exploration of interests, abilities, and values through career assessments; and academic and career investigation using interactive software, library materials, online resources, and experiential learning opportunities. ","1","1","-","-","-","-","-","-","-","Fall, Spring"
"EDCEP","160","Development and Integrity","Provides a general overview of ethics and ethical decision making in academia and professional life.  It is designed to help students better understand issues about academic misconduct, as well as several approaches to thinking about and resolving ethical dilemmas. ","1","1","-","-","-","-","-","-","-","Fall, Spring, Summer"
"EDCEP","202","Career and Life Planning","Applies theory research concerning assessment interest and career choice-making to individual's planning and decision-making. Focuses on increasing understanding of the complexities of the world of work and on skills of integrating such understanding with each person's planning experience, characteristics, motives, and values in the career exploration process. Reviews resume writing, interviewing skills, and job search techniques. ","2","2","-","-","-","-","-","-","-","Fall, Spring"
"EDCEP","715","Principles of Assessment","Principles of development, administration, evaluation, and constructive instructional use of paper-pencil, product, and performance assessments. Focus on norm-and criterion-referenced uses of teacher-made and published measures as an integral part of effective decision making in education.","3","3","-","-","-","-","-","-","-","Fall, Spring, Summer"
"EDCEP","863","Trends in Career Development","This course addresses the role of work in people's lives across the life span, with an emphasis on the application of career development theories, research, practice, and resources to higher education. Topics are presented to help professionals in higher education facilitate students' academic and career development, planning, and decision-making within the context of the changing world of work. ","3","3","-","-","-","-","-","-","-","Spring"
"EDCEP","927","Higher Education Administration","Administration theory applied to the organization and administration of colleges and universities; special reference to structure, governing boards, administrative roles, decision-making, and analysis of selected problems. ","3","3","-","-","-","-","-","-","-","Spring-Even Years"
"EDCEP","932","Ethical Issues and Practice in Academic Advising","This course explores ethical theories and principles, moral development frameworks, and value issues confronting academic advising leadership. It is based on the premise that all advising professionals are ethicists that make decisions every day. The course incorporates a comprehensive, interdisciplinary approach to ethical theories and practice in academic advising leadership. ","3","3","-","-","-","-","-","-","-","Other"
"EDCI","110","Foundations of Education","Examines the historical, political, philosophical, and sociological foundations of education in the United States including the evolution of career and technical education and changing demographics; ethical and legal issues; governance and financial support; and contemporary curriculum issues. Includes critical thinking and reflective decision making about educational issues. ","3","3","-","-","-","-","-","-","-","Fall, Spring, Summer"
"EDCI","111","Foundations of Rural Education","Examines the historical, political, philosophical, and sociological foundations of education in the United States including the evolution of career and technical education and changing demographics; ethical and legal issues; governance and financial support; and contemporary curriculum issues. Includes critical thinking and reflective decision making about rural educational issues.  ","4","4","-","-","-","-","-","-","-","Fall, Spring, Summer"
"EDCI","112","Foundations of Urban Education","Examines the historical, political, philosophical, and sociological foundations of education in the United States including the evolution of career and technical education and changing demographics; ethical and legal issues; governance and financial support; and contemporary curriculum issues. Includes critical thinking and reflective decision making about urban educational issues.  ","4","4","-","-","-","-","-","-","-","Fall, Spring, Summer"
"EDCI","514","Leveraging Data in Ed. Settings","This course offers the foundational understandings of data in education. The course introduces contemporary concepts of data, big data, and the emerging concept as well as field of study--educational data.The course covers uses of data to inform decisions and actions with an emphasis on educational data and the practice of ethically leveraging data to benefit the broad set of stakeholders, promoting learning environments for all students.","3","3","-","-","-","-","-","-","-","Spring"
"EDCI","770","Advanced Approaches in World Lang Ed","The study of contemporary approaches, methods, and research-based best practices for world language instruction. Provides a venue to analyze and discuss programmatic and curricular decisions and how that impacts teaching and learning. ","3","3","-","-","-","-","-","-","-","On sufficient demand"
"EDCI","772","Current Trends and Research in World Language Education","Analyze current trends in world language education. Recent research will be stressed. Explore how this applies to curricular and instructional decisions.","3","3","-","-","-","-","-","-","-","Fall, Spring, Summer"
"EDEL","462","Teaching Social Studies: PK-6","Methods and resources for teaching social studies in pre and elementary grades with the goal of helping students develop the ability to make informed and reasoned decisions for the public good as citizens of a democratic society in an independent world. Includes using technologies to enhance instruction and facilitate professional productivity.","3","3","-","-","-","-","-","-","-","Fall, Spring"
"EDLEA","820","Data Literacy/Data Informed Decisions in Educational Leadership","Examines actionable school mission and vision attentive to values and priorities that include data use, technology, values, equity, diversity, digital citizenship, social-emotional well-being, academic needs, and based on school improvement implementation theory and research. Provides overview of the types of research methodologies, their strengths and limitations, and the contexts to which they are most suitable to school improvement.","3","3","-","-","-","-","-","-","-","Fall or Spring"
"EDLEA","825","Strategic Leadership In Education","This course deals with an overview of educators becoming strategic leaders at the program, building, and district levels. Two central thrusts are considered: (1) professional and ethical leadership, and (2) information management and evaluation leadership. Emphasis is placed on knowledge, skills and attributes to identify contexts, developing with others vision and purpose, utilizing information, framing problems exercising leadership processes to achieve common goals, and acting ethically for educational communities. ","3","3","-","-","-","-","-","-","-","Fall, Summer"
"EDLEA","831","Educational Law","An examination of the legal status of educational institutions in the United States; the legal rights and responsibilities of educators including due process, tort liability, and contracts; student rights; landmark court decisions; federal and state legislation impacting on education, and resources available to assist in developing solutions to legal problems. ","3","3","-","-","-","-","-","-","-","Fall, Summer"
"EDSEC","360","Introduction to Physical Education/Health","This course includes identification of competency-based, goal-oriented activities appropriate to PK-12 physical education/health. Emphasis on foundations of physical education/health including: exercise science, sport, careers, and challenges for the future.","3","3","-","-","-","-","-","-","-","Fall"
"ENGL","310","Introduction To Literary Studies","Elements of literary form and style: an introduction to criticism for English majors. Intended as a first course in the analysis of form and technique, an introduction to literary terms commonly used in later courses, and practice in critical writing. Readings from a broad range: poems, plays, essays, and novels. ","3","3","-","-","-","-","-","-","-","Fall, Spring, Summer"
"ENGL","670","Topics in British Literature","This course addresses topics not confined to a single period in a national literature. Specific course content will vary by semester and instructor. It may emphasize cross-national subjects, literary criticism, the development of a theme or genre over time, new perspectives from social, intellectual, or cultural studies, or non-traditional texts and topics. ","3","3","-","-","-","-","-","-","Each semester's offerings will be described more specifically in university and department publications before each enrollment period. 

The courses require junior standing.","Fall, Spring, Summer"
"ENGL","680","Topics in American Literature","This course addresses topics not confined to a single period in a national literature. Specific course content will vary by semester and instructor. It may emphasize cross-national subjects, literary criticism, the development of a theme or genre over time, new perspectives from social, intellectual, or cultural studies, or non-traditional texts and topics. ","3","3","-","-","-","-","-","-","Each semester's offerings will be described more specifically in university and department publications before each enrollment period. 

The courses require junior standing.","Fall, Spring, Summer"
"ENGL","690","Topics in Literature For the Young","This course addresses topics not confined to a single period in a national literature. Specific course content will vary by semester and instructor. It may emphasize cross-national subjects, literary criticism, the development of a theme or genre over time, new perspectives from social, intellectual, or cultural studies, or non-traditional texts and topics. ","3","3","-","-","-","-","-","-","Each semester's offerings will be described more specifically in university and department publications before each enrollment period. 

The courses require junior standing.","Fall, Spring, Summer"
"ENGL","695","Topics in Literature","This course addresses topics not confined to a single period in a national literature. Specific course content will vary by semester and instructor. It may emphasize cross-national subjects, literary criticism, the development of a theme or genre over time, new perspectives from social, intellectual, or cultural studies, or non-traditional texts and topics. ","3","3","-","-","-","-","-","-","Each semester's offerings will be described more specifically in university and department publications before each enrollment period. 

The courses require junior standing.","Fall, Spring, Summer"
"ENGL","725","Studies in Children's/Young Adult Literature","Addresses topics not confined to a single period in a national literature. May emphasize cross-national subjects, literary criticism, the development of a theme or genre over time, new perspectives from social, intellectual, or cultural studies, or non-traditional texts and topics. ","3","3","-","-","-","-","-","-","-","Fall, Spring, Summer"
"ENGL","795","Literary Theory","A historical survey of literary theory and criticism.","3","3","-","-","-","-","-","-","-","Other"
"ENTOM","320","Horticultural Entomology","Biological principles and management considerations for insects and related arthropods affecting horticulture. Practical application of classification and life history information for accurate recognition, monitoring, and pest management decisions. Control tactics and conservation of beneficial species. ","2","2","-","-","-","-","-","-","Two hours lecture and two hours lab a week.","Fall"
"ENTRP","425","Funding Your Business","This course is designed to provide potential entrepreneurs and small business owners with sufficient knowledge of applied finance to start, fund, and run an entrepreneurial firm. We will focus on financial funding, forecasting, and decision making, as well as understanding growth projections, venture capital financing, exit strategies, and the application of organizational theories to better understand the entrepreneurial firm.","3","3","-","-","-","-","-","-","-","Fall, Spring"
"ENTRP","491","International Entrepreneurship Experience","This course is designed to provide students with an opportunity to observe international business and entrepreneurship perspectives by participating in a field trip outside the United States. This experiential course may involve a combination of business visits, cultural experiences, internship activities, applied research projects, personal reflection exercises, or other learning activities while abroad.","3","3","-","-","-","-","-","-","-","On sufficient demand"
"ENVD","900","Conceptual Approaches to Design and Planning","Overview of contributions and limitations of various theoretical perspectives that inform the field of design and planning inquiry. Knowledge and theory construction. Nature, scope, and merits of scientific approach. Criticism of the scientific approach and examination of alternative approaches utilized in design and planning research and practice. Linking philosophy, research, and action/practice/application. ","3","3","-","-","-","-","-","-","-","Fall, Spring"
"FDSCI","721","Reaction Kinetics in Foods Recitation","Recitation course covering the theories, case-studies, and exercise problems for the lecture course FDSCI 720, which needs to be taken concurrently. ","1","1","-","-","-","-","-","-","-","Spring"
"FFM","271","Advanced Feed and Pet Food Management","This course offers an advanced examination of management practices tailored for feed and pet food facilities, emphasizing strategies for optimizing production, ensuring quality control, and integrating cutting-edge technologies. Students will explore advanced operational techniques, including automation, process optimization, and regulatory compliance specific to feed and pet food manufacturing. The course also covers strategic decision-making, resource management, and staff leadership to address the unique challenges of these industries. By the end of the course, students will possess the expertise to effectively manage feed and pet food facilities, driving operational excellence and innovation.","1","1","-","-","-","-","-","-","-","Spring"
"FINAN","450","Principles of Finance","Study of the basic principles of finance, including discounted cash flow analysis, risk-return tradeoff, asset pricing models, and financial and real asset valuation. Applications of these concepts to the firm's investment and financing decisions and performance analysis will be discussed.","3","3","-","-","-","-","-","-","-","Fall, Spring, Summer"
"FINAN","531","Commercial Banking","An application of financial management concepts to the liquidity management, investment portfolio analysis, capital budgeting, and capital structure decision-making process required by a commercial bank to perform effectively its financial intermediation role within the financial system's institutional, regulatory, and competitive environment. ","3","3","-","-","-","-","-","-","-","Spring"
"FINAN","560","Concepts in Financial Technology","Introduces the most recent technological innovations which affect how capital market participants perform functions such as borrowing, lending, contracting, and transacting. These include blockchain for business, decision support systems, and innovations in marketplace lending","3","3","-","-","-","-","-","-","-","Fall"
"FINAN","575","Intermediate Finance","An in-depth study of a firm's investment and financing decisions, firm performance measurement and financial planning for a business enterprise. Topics include financial statement analysis and forecasting, capital budgeting, risk considerations in capital budgeting, cost of capital, capital structure theory and practice, distribution policy, leasing and mergers and acquisitions. ","3","3","-","-","-","-","-","-","-","Fall, Spring"
"FINAN","840","Entrepreneurial Finance","This course will provide potential entrepreneurs a sufficient knowledge of applied finance needed to start and run an entrepreneurial business. Concepts covered will include the basic paradigms of finance such as risk and portfolio diversification. Discussions of the accounting environment of a small business and how the financial conditions can be analyzed will also be included. Finally, the course will focus on the financial skills a beginning entrepreneur will need to know to operate a small business, such as valuation, short-term capital management, financing decisions, and the exit strategies available to such enterprises. ","3","3","-","-","-","-","-","-","-","On sufficient demand"
"FNDH","252","Personal Wellness","Impact of the effect of personal actions on lifelong wellness. Practical methods of assessing, maintaining, and improving behaviors to reduce the risk of illness and disability. Emphasis on developing skills to make informed, responsible health decisions.","3","3","-","-","-","-","-","-","-","Fall, Spring, Summer"
"FNDH","355","Rehabilitation and Exercise Modification Techniques I","This course will cover the fundamental aspects of tactical strength and conditioning, and injury prevention techniques that occur during physical activity.","3","3","-","-","-","-","-","-","-","Fall, Spring"
"FNDH","442","Food Production Management","Application and principles of food production systems that include planning, procurement, production controls, work simplification, commercial equipment use, safety, communication, and decision making.","3","3","-","-","-","-","-","-","Two hours lecture per week, three hours lab per week.

Students are required to submit proof of ServSafe Managers certification by the end of the first week in order to complete labs for the semester. 

Online Section: Students are required to find a food production facility for lab work and need approval from the instructor prior to the first day of class. Will spend approximately 2-3 hours per week in lab.","Fall, Spring"
"FNDH","455","Rehabilitation and Exercise Modification Techniques II","This course is designed to provide an academic platform to apply and enhance knowledge and skills in rehabilitation techniques for humans. Focus is on applying progressive resistive exercise programs for athletes who are engaged in reconditioning and rehabilitation programs.","3","3","-","-","-","-","-","-","-","Summer"
"FNDH","635","Sports Nutrition","The interrelationships among diet, nutrition, and performance. Topics covered include nutrient metabolism during exercise training and performance, nutrition and training periodization, demands of sport training, supplements and ergogenic aids, and nutrients of concern for athletes. There is a focus on athletes/sport, but topics also include normal exercising individuals who have goals related to weight loss, weight gain, or performance and competition.","3","3","-","-","-","-","-","-","Three hours lecture per week.","Fall"
"FNDH","653","Pharmacology","This course is designed to bring together the body of knowledge regarding the study of medications commonly encountered in the profession of athletic training. Includes categories of drugs, generic and trade names of common drugs, the use, effects and precautions for common drugs and drug-interactions. Focuses on how various drugs affect the patient response to activity, exercise and other therapeutic interventions.","3","3","-","-","-","-","-","-","100% Lecture","Fall"
"FNDH","799","Foundations of Therapeutic Interventions","Provide students with the foundational knowledge of how to integrate the basic sciences, exercise physiology, biomechanical, and injury prevention strategies into a well-planned and evidence based patient care plan. Focused theory and application of therapeutic modalities, applied rehabilitation, and conditioning techniques used in the profession of athletic training.","3","3","-","-","-","-","-","-","-","Summer"
"FNDH","823","Evaluation and Management of General Medical Conditions in Athletic Training I","This is the first in a series of three courses to meet outcomes and guidelines related to the prevention, evaluation, and management of medical conditions/disabilities as they relate to athletic training practice. Students will obtain knowledge, skill, and clinical decision-making to accurately assess and recognize general medical conditions, make appropriate referrals, and work as part of a healthcare team to implement plans for safe participation in physical activity and sport. Instruction will consist of lectures, labs, problem/case-based learning, and small group collaboration.","3","3","-","-","-","-","-","-","-","Fall"
"FNDH","824","Evaluation and Management of General Medical Conditions in Athletic Training II","This is the second in a series of three courses designed to meet outcomes and guidelines related to the prevention, evaluation, and management of medical conditions/disabilities as they relate to athletic training practice. Students will obtain knowledge, skill, and clinical decision-making to accurately assess and recognize general medical conditions, make appropriate referrals, and work as part of a healthcare team to implement plans for safe participation in physical activity and sport. Instruction will consist of lectures, labs, problem/case-based learning, and small group collaboration.","3","3","-","-","-","-","-","-","-","Spring"
"FNDH","825","Evaluation and Management of General Medical Conditions in Athletic Training III","This is the third in a series of three courses designed to meet outcomes and guidelines related to prevention, evaluation, and management of medical conditions/disabilities as they relate to athletic training practice. Students will obtain knowledge, skill, and clinical decision-making to accurately assess and recognize general medical conditions, make appropriate referrals, and work as part of a healthcare team to implement plans for safe participation in physical activity and sport. Instruction will consist of lectures, labs, problem/case-based learning, and small group collaboration.","3","3","-","-","-","-","-","-","-","Summer"
"FNDH","889","Research Experience in Athletic Training","Evidence based research application for Athletic Training. To inform contemporary principles and clinical athletic training practices in a manner that uses evidence to inform clinical decisions.","1","1","-","-","-","-","-","-","-","Fall"
"GENAG","450","Citizenship and Ethics in Agriculture","The study of agriculture's relationship with society while encompassing ethics and personal development. Current controversial issues and multidimensional policy topics facing the agricultural industry will be explored with an emphasis on moral and philosophical debates. Issues regarding professional ethics and decision making will also be an emphasis.","3","3","-","-","-","-","-","-","Three hours recitation a week.","On sufficient demand"
"GENBA","145","Business and Society","An overview of the role of business in society. Students will engage in a variety of activities including group discussions, practical learning exercises, and case examples to examine the historical, current, and future role of business in society. Students will explore the role that critical thinking plays in forming business decisions and learn about the impact of differing economic environments on businesses. Students will examine the importance of the entrepreneurial mindset in value creation and how businesses generate value for society.","3","3","-","-","-","-","-","-","-","Fall, Spring"
"GEOG","360","Sustainability Concepts & Issues","Exploration of sustainability concepts, approaches, and decision-making.  Relation of sustainability to environmental, economic, and social considerations at global, regional, and local scales. ","3","3","-","-","-","-","-","-","-","Spring"
"GEOG","608","Geographic Information Systems II","Advanced principles of and applications for geographic information systems (GIS). Examines the nature and accuracy of geo-referenced data and methods of data capture, storage, retrieval, modeling, and digital map display. Students will use modern GIS software packages and digital geographic data from physical and/or cultural sources to explore software procedures and techniques of spatial analysis, decision support, and geographic visualization. ","3","3","-","-","-","-","-","-","The course will consist of two hours of lecture and two hours of lab a week.","Fall"
"GEOG","705","Thematic Remote Sensing","Introduction to digital image analysis in remote sensing, with an emphasis on extraction of thematic information from imagery. Emphasizes mastery of both practical classification techniques and the theory behind those techniques. Topics covered include preparing imagery for classification; per-pixel and object-based classification techniques; use of parametric, non-parametric, and machine learning\A1-based decision rules; and techniques for validating classification accuracy. Classification techniques for hyperspectral imagery will also be covered. ","3","3","-","-","-","-","-","-","-","Fall, Spring"
"GEOG","728","Programming for Geographic Analysis","Introduces programming languages, scripting methods, and/or free and open-source software (FOSS) and their use with geospatial technologies and spatial data. Explanations of programming concepts, demonstrations of techniques, and practical exercises that will enable students to develop their own programs and workflows for geoprocessing, spatial analysis, and map production. ","3","3","-","-","-","-","-","-","-","Fall, Spring"
"GEOG","833","Seminar in Sustainability Science, Thought and Approaches","Exploration of scientific, social, and philosophical aspects of sustainability, including concepts, approaches, and decision-making. Environmental, economic, and social considerations will be included. ","3","3","-","-","-","-","-","-","-","Fall"
"GEOL","520","Geomorphology","Classroom, laboratory, and field studies of landforms and surficial deposits, with an emphasis on earth-surface processes. Classroom lectures and discussions; laboratory exercises; and field investigations. ","3","3","-","-","-","-","-","-","Two hours recitation and three hours lab a week.","Fall"
"GEOL","738","Formation Evaluation","Investigates projects on well log interpretation, petro-physical calculations, log corrections, and post-drilling decision workflows through lectures, discussions, laboratory exercises, or field trips. ","3","3","-","-","-","-","-","-","-","Fall"
"GEOL","835","Advanced Petroleum Exploration, Imperial Barrel Award Competition","Evaluation of exploration prospects in frontier and underdeveloped petroleum provinces using borehole-derived and geophysical data. Team taught course that uses industry provided datasets and current data management and interpretation software to reach drill or no-drill decisions based on science, risk analysis, and economics.","3","3","-","-","-","-","-","-","-","On sufficient demand"
"GERON","779","Professional Seminar In Gerontology","Students apply and integrate knowledge gained in earlier courses and strengthen skills in ethical decisions-making through applications in gerontology-related areas such as advocacy, professionalism, family and workplace issues. Students from a variety of professions bring their unique perspective to bear on topics of common interest. ","3","3","-","-","-","-","-","-","-","Summer"
"GRMN","729","Open Topics Seminar in German Literature and Culture","Open Topics courses are designed for undergraduates and graduate students. Course addresses topics not confined to a single period in a national literature. Specific course content will vary by semester and instructor. It my emphasize cross-national subjects, literary or cultural criticism or theory, works of one or a pair of related authors, the development of a theme or genre over time, new perspectives from social, intellectual, or cultural studies, or non-traditional texts and topics. ","3","3","-","-","-","-","-","-","-","Other"
"GRSC","151","Principles of Milling Laboratory","A laboratory course to accompany Principles of Milling (GRSC 150). Laboratory exercises in grain and feed milling processes.","1","1","-","-","-","-","-","-","Three hours lab a week.","Fall, Spring"
"GRSC","313","Intro to Feed and Pet Food Processing Lab","This course provides students with hands-on experience in the fundamental processes used in feed and pet food manufacturing. Through laboratory exercises, students will explore key operations such as ingredient preparation, grinding, mixing, pelleting, canning, baking, freeze drying, extrusion, and packaging. Emphasis is placed on understanding equipment operation, safety protocols, and troubleshooting in a production setting. This applied learning approach reinforces theoretical knowledge from lecture-based courses and prepares students with the technical skills necessary for careers in the feed and pet food industry.","1","1","-","-","-","-","-","-","-","Fall-Odd Years"
"GRSC","501","Milling Science I Laboratory","A laboratory course to accompany Milling Science I (GRSC 500). Laboratory exercises in wheat flour milling with full-scale equipment including grain storage, blending, cleaning, conditioning plant, and a modern pneumatic flour mill, with instrumentation and automation. ","2","2","-","-","-","-","-","-","Six hours lab a week.","Spring"
"GRSC","503","Milling Science II Laboratory","The processes for milling other grains such as corn, oats, sorghum, different classes of wheat, and rye are studied in the laboratory and by practice on small scale milling units. Concepts of material handling properties of grain products and material handling equipment in dry milling operations will be presented. Concepts of statistical process control and spread sheet modeling in the decision making process will be introduced. ","2","2","-","-","-","-","-","-","Six hours lab a week.","Fall"
"GRSC","620","Extrusion Processing in the Food and Feed Industries","The course is designed to provide the student with an understanding of extrusion technology and the ability to apply it to product development and production through a """"hands-on'' approach. Major emphasis is on laboratory exercises in which students will operate pilot scale extrusion equipment to produce readily-recognizable commercial products such as cheese curls, breakfast cereals, pasta, pet food, etc.  Emphasis will also be placed on process and product development, analysis, and problem solving techniques. ","4","4","-","-","-","-","-","-","Three hours lecture plus one three-hour lab a week.","Fall"
"GRSC","636","Baking Science I Laboratory","A laboratory course to accompany Baking Science I (GRSC 635).  Laboratory exercises in theory and production of yeast-leavened baked products.","2","2","-","-","-","-","-","-","Six hours lab a week.","Fall"
"GWSS","105","Introduction to Gender, Women, and Sexuality Studies","An interdisciplinary analysis of personal experiences and social and political institutions as they shape and are shaped by the intersections of gender, race, class, sex, sexuality, ethnicity, nation, citizenship, and ability on local, national, and global levels. Topics include the roles of biology and social construction in shaping gender and sexuality, sources of structural inequities; and feminist, queer, trans, anti-racist, and anti-colonial activisms. ","3","3","-","-","-","-","-","-","-","Fall, Spring, Summer"
"GWSS","275","Gender, Race, and Sex in Science Fiction","Explores the ways that gender, sex, sexuality, race, and class intersect in science fiction, including Afrofuturism, Asian futurism, Chicanafuturism, and Indigenous futurism. Examines how the ways that we imagine the future and the alien offer insight into contemporary concerns about gender, sexuality, race and racism, colonialism, imperialism, and justice.  ","3","3","-","-","-","-","-","-","-","Fall"
"HDFS","585","Professional Seminar in Human Development and Family Science","Seminar course for students completing the HDFS Internship. Consideration of professional roles and responsibilities of family science professionals, ethical decision-making, and career development. Focus on skills required in the delivery of human services with diverse groups.","3","3","-","-","-","-","-","-","-","Fall, Spring, Summer"
"HDFS","825","Family Resource Management","Survey course of personal finance and family resource management literature to provide an overview of how individuals and family members develop and exercise their capacity to obtain and manage resources to meet life needs. Resources include the self, other people, time, money, energy, material assets, space, and environment. ","3","3","-","-","-","-","-","-","-","Summer"
"HHS","210","Foundations of Well-Being","Introduces key dimensions of well-being (e.g. physical, psychological, social, financial, and community). Students will explore personal strengths, assess behaviors and habits, set goals, and build practical skills to plan for lifelong well-being. Emphasis is placed on understanding influences on well-being and accessing resources for informed decision-making.","3","3","-","-","-","-","-","-","-","Fall, Spring, Summer"
"HIST","102","Western Civilization II: Europe in the Modern World","Principal developments since the beginning of the eighteenth century. Scope includes the Enlightenment, the French Revolution, the Industrial Revolution, nationalism, imperialism, communism, fascism, the two world wars, the Holocause, and Europe during and after the Cold War. Chronological and topical emphases vary with individual sections. ","3","3","-","-","-","-","-","-","-","Fall, Spring, Summer"
"HIST","106","Western Civilization/the Modern Era (Honors)","Principal developments in Western civilization from the beginning of the eighteenth century to the present. Scope includes the Enlightenment, the French Revolution, the Industrial Revolution, nationalism, imperialism, communism, fascism, and the two world wars, but chronological and topical emphases vary with individual sections. ","3","3","-","-","-","-","-","-","-","Other"
"HIST","251","History of Christianity to 1500AD","A basic introduction to how most academic historians approach the history of pre-modern Christianity. An explantion of how a secular approach, grounded in an epistemology of rational empiricism, differs from the approach, grounded in an epistemology of divine revelation, that most Christians have used – an approach known as “church history” or faith history. Ultimately, students will develop the tools to recognize and think critically about both types of history, so that when they encounter histories of Christianity in the future, they are prepared to understand each type.","3","3","-","-","-","-","-","-","-","Fall or Spring"
"HIST","585","Medieval Christianity","A survey of the development of Christianity in western Europe during the Middle Ages (c. 500-1500). Topics include the development of the papacy and the ecclesiastical hierarchy, the role of kings and other rulers, the Crusades, scholasticism, purgatory, penance, monasticism, specific religious orders like the Franciscans, baptism, marriage, asceticism, how medieval Christians read the Bible, saints, the roles of women, and heresy. ","3","3","-","-","-","-","-","-","-","Fall, Spring"
"HIST","810","Security Studies Methodology","An exploration of commonly used research methods in history and political science. Students will investigate quantitative and qualitative humanities and social sciences methodology through selected readings and limited research exercises.","2","2","-","-","-","-","-","-","-","Fall, Spring"
"HM","464","Revenue Management","Application of revenue management, capacity management, duration control, pricing, and discounting as utilized in the hotel, restaurant, theme park, and car rental industries. Comprehensive examination of the complex factors that influence revenue management strategies and tactics in order to improve decision making and maximize revenue.","3","3","-","-","-","-","-","-","-","Fall"
"HM","650","Senior Seminar in Hospitality Management","The application of critical thinking skills to explore hospitality management problems and perspectives. Decision-making tools will integrate marketing, human resources, diversity, ethics, leadership, team work, strategic management, and financial performance for food service, lodging, and event management. ","3","3","-","-","-","-","-","-","-","Spring"
"HM","662","Foodservice Systems Management","A capstone course in foodservice management that focuses on the management, analysis, and evaluation of food and beverage systems. Emphasis on planning, coordinating, and improving commercial and noncommercial operations. Development of analytical and decision-making skills for solving managerial and operational problems. ","3","3","-","-","-","-","-","-","-","Spring"
"HM","664","Advanced Hotel Operations","This senior-level course provides students the opportunity to utilize a strategic management process as a decision-making tool that integrates marketing, human resources, operations, and financial performance measures. This is a computer simulation class, where teams will compete with each other in real-time to understand and evaluate the market dynamics of a competitive set of hotels. ","3","3","-","-","-","-","-","-","-","Fall"
"HM","805","Advanced Foodservice Management","Production planning and controls in foodservice systems analysis in foodservice systems. Decision optimization and systems analysis in foodservice organizations. Consideration of various types of foodservice systems.","3","3","-","-","-","-","-","-","-","Fall-Odd Years"
"HORT","710","Plant Cell, Tissue and Organ Culture","Course will cover the principles and laboratory exercises that demonstrate major concepts and practical techniques in plant cell, tissue and organ culture. The history and use of plant cell-, tissue-, and organ-culture for crop improvement will be explained. The variety of tissue-culture techniques will be highlighted. Selected readings and practical tissue culture projects will be required. ","3","3","-","-","-","-","-","-","-","Spring"
"HORT","760","Business Management for Horticultural Enterprises","Focus is on developing a detailed business plan for the service, design and production businesses in horticulture that incorporates considerations of start-up capitalization, insurance, investments, legal accounting and employee compensation.  Strategic decision-making and aspects of a horticulture firms that are unique to its industries, such as product seasonality and perishability, will be discussed. ","3","3","-","-","-","-","-","-","Three hours lecture a week.","Fall"
"IAID","407","Design Workshop I","An introduction to the principles of furniture design, with special emphasis on material properties, fabrication methods, tectonics, and structural considerations of furniture design. The course also serves as an introduction to best-practice techniques for safely using the tools and equipment within the Fabrication Lab. Through a series of initial exercises students will develop a versatile foundation in woodworking and metalworking skills that will be applied to the design and fabrication of small-scale furniture projects.","4","4","-","-","-","-","-","-","-","Fall, Spring, Summer"
"IARC","300","Design & Material Culture","People's personal characteristics or social position can be expressed by the products they purchase, the possessions they own, and the physical environments they create. Design has become a major factor influencing one's final decision for purchasing these products. This course examines material culture which is created from the influences of human behavior, design, history, marketing, economics, politics, geography, the arts, and sociology. ","3","3","-","-","-","-","-","-","-","Fall, Spring"
"IARC","307","IARC Design Studio I","Introduction to the Interior Architecture design process. Generation of design concept and design alternatives for small-scale projects. Introduction to basic design theory, beginning design research, human scale, behavior, ergonomics and anthropometrics as they affect design decisions. Introduction of structure and environmental analysis as informants and determinants of design. Focus on multiple graphic representations and compositions, including diagramming, sketching, freehand drawing, and enhancing through digital means.","5","5","-","-","-","-","-","-","-","Fall"
"IARC","320","IARC Design Studio II","This studio introduces the principles of design, design terminology, and the values of a human centered design philosophy for the interior environment. Significant emphasis will be on the theoretical underpinnings of project ideation and development; and formal design processes and decision-making. Oral, graphic and visual communication skills and model making techniques will also be stressed to assist students in representing their design ideas. ","5","5","-","-","-","-","-","-","-","Fall, Spring, Summer"
"IDSN","410","Housing and Its Environment","Socioeconomic, political-legal, and consumer overview of housing. Includes individual, family, and public decisions related to residential alternatives, their acquisition, and housing and environmental standards.","3","3","-","-","-","-","-","-","-","Fall, Spring"
"IHS","310","Foundations of Integrative Human Sciences","Examination of the Family and Consumer Sciences Body of Knowledge Framework and application to professional practice and ethical decision-making.","3","3","-","-","-","-","-","-","-","Fall, Spring"
"IMSE","441","Introduction to Analytics","This course covers an introduction to analytics, which includes computer programming, statistics and mathematical decision making. Topics include: arrays, loops, data structures, data visualization, hypothesis testing, confidence intervals, multidimensional linear regression, distribution fitting, and identifying objectives and constraints to recommend data driven solutions. ","3","3","-","-","-","-","-","-","-","Fall, Spring"
"IMSE","530","Engineering Economic Analysis","The analysis of the economic aspects of engineering/industrial projects. Focus on decision making among competing alternatives, including replacement decisions. It includes: cost estimating, time-value of money and effects of depreciation and taxation. Methods of comparing alternatives are developed, including: equivalent worth, rate of return, break even analysis, and benefit-cost ratio. ","2","2","-","-","-","-","-","-","This course period lasts the first ten weeks of a semester.","Fall, Spring"
"IMSE","532","Industrial Project Evaluation","The analysis and selection of engineering/industrial projects. This course is a continuation of IMSE 530. Topics in addition to IMSE 530 includes: risk/uncertainty, impact of inflation, capital rationing, multiple criteria decision making, and determining the MARR. ","1","1","-","-","-","-","-","-","-","Fall, Spring"
"IMSE","680","Quantitative Problem Solving Techniques","Survey of decision making techniques. Topics covered include: linear, integer and nonlinear programming; network flows and stochastic processes. A focus of the course will include modeling and the use of software to solve these problems.","3","3","-","-","-","-","-","-","Three hours of lecture a week.","Summer"
"IMSE","710","Transportation Logistics","This course provides comprehensive coverage of logistics system design, analysis, and management, with a particular emphasis on freight transportation and supply chain systems. It introduces key challenges arising in supply chain systems, quantitative models for addressing these challenges, and methods for solving the models. Emphasis is placed on analyzing model results and communicating their implications for decision-making.","3","3","-","-","-","-","-","-","-","Spring-Odd Years"
"IMSE","730","Data Engineering I – Time Series & Topological Data Analysis","Introduction to theories and concepts of data analytic and machine learning on time series and topological data.  Data models and analysis systems include forecasting, predictive models, process change point detections, classification, clustering, stage-dependent decisions applying to high-dimensional time series data and topological data. Applications include data integration and data-to-decisions in real-world systems, such as supply chain, logistics, financial engineering, and advanced manufacturing processes. ","3","3","-","-","-","-","-","-","-","Spring"
"IMSE","751","Normative Theory of Decisions and Games","Bayes theorem, Bayesian estimators, utility, loss function and risk, minimax strategies, elementary game theory.","3","3","-","-","-","-","-","-","Three hours recitation a week.","Fall-Odd Years"
"IMSE","752","Multiple Criteria Decision Analysis","This course covers decision processes for problems involving multiple conflicting criteria, including individual and group decision making. Multiple approaches, including value function methods, goal/aspiration methods, and outranking methods, are considered.","3","3","-","-","-","-","-","-","-","Fall-Even Years"
"IMSE","805","Management of Research and Engineering","Engineering administration; organization factors in decision-making.","3","3","-","-","-","-","-","-","Three hours recitation a week.","On sufficient demand"
"IMSE","811","Advanced Production and Inventory Control","Analytical and mathematical methods of making decisions on production, inventories, human resources, and shipping in modern industrial plants. ","3","3","-","-","-","-","-","-","Three hours recitation a week.","Spring"
"IMSE","822","Advanced Engineering Economy","This course expands on the principles of the fundamental engineering economics analysis. Emphasis is placed on quantification and evaluation of risk and uncertainty factors, effects of inflation and taxes, economic consequences of estimating models, utility theory, engineering capital equipment replacement analysis and decision-tree and multi-attribute decision models.","3","3","-","-","-","-","-","-","Three hours lecture a week.","Fall-Odd Years"
"IMSE","991","Advanced Topics in Decision Theory","Decision processes for problems involving multiple conflicting criteria; multiple attribute decision making; multiple objective decision making, and group decision making under multiple criteria. Various methods/approaches for different problems are discussed.","3","3","-","-","-","-","-","-","We are concurrently introducing IMSE 752 so that the undergraduate student can take it. This 991 course will be for graduate students only.","On sufficient demand"
"INDD","435","INDD Design III","Advanced principles of the Industrial Design process. Explores different theories and techniques to develop products utilizing Human Centered Design, Design Thinking, and Universal Design. Holistic thinking in regard to ethical responsibility throughout the product's Life Cycle from decisions made in manufacturing processes, material choices and human factor design.  ","5","5","-","-","-","-","-","-","-","Fall"
"INDD","500","Materials and Manufacturing Processes","Seeks to provide an advanced understanding of materials and processes commonly used by Industrial Designers and manufacturers. The objective is to develop a more precise, professional and accurate approach to design while broadening the student's technical base. ","3","3","-","-","-","-","-","-","-","Spring"
"JAPAN","201","Japanese III","Continuation of Japanese II with emphasis on building and applying basic language knowledge in communicative tasks; exercises in oral interactions and interactions involving text; weekly language lab; approx. 1-- new kanji in text.","4","4","-","-","-","-","-","-","Not open to native speakers of Japanese.","Fall"
"KIN","100","Adaptive Physical Activites","Exercise programs adapted to the needs of the special student.","1","1","-","-","-","-","-","-","-","Fall, Spring, Summer"
"KIN","102","Topics in Aerobic Exercise","Discussion of topics and participation in activities of importance in aerobic exercise.","1","1","-","-","-","-","-","-","-","Fall, Spring, Summer"
"KIN","160","Aerobic Dancing and Exercise","Aerobic Dancing and Exercise","1","1","-","-","-","-","-","-","For students in the College of Health and Human Sciences, no more than 4 credit hours in lifetime sports and exercise activity classes may be applied toward a degree.","Other"
"KIN","335","Physiology of Exercise","The responses of the human body to exercise. Emphasis will be placed on understanding the structure-function relationships of the respiratory, cardiovascular, and muscular systems and how their function is integrated to support the dynamics of muscular contraction. Limitations to exercise performance will be examined in health and disease and the adaptability of the human body to physiological (i.e., exercise training) and environmental (e.g., hypoxia) stressors will be examined. ","4","4","-","-","-","-","-","-","Four hours lecture per week.","Fall, Spring"
"KIN","336","Physiology of Exercise Lab","A laboratory course to supplement the material of KIN 335.","1","1","-","-","-","-","-","-","Two hours of lab per week.","Fall"
"KIN","345","Exercise Behavioral Science","Examination of the social and behavioral determinants of physical activity using a social ecological framework. Social ecological levels include individual, interpersonal, community, institutional and societal/policy factors. ","5","5","-","-","-","-","-","-","-","Fall, Spring"
"KIN","380","Foundations of Exercise Training","This course introduces the foundational principles of exercise training and their scientific underpinnings. Topics include anatomy, biomechanics, physiology, nutrition, and psychology as they relate to training adaptations. Students will learn movement assessment, exercise techniques, and evaluation methods with an emphasis on safe and effective execution. Major training areas covered include resistance training adaptations, aerobic and anaerobic endurance, and muscular endurance. Practical labs require active participation and demonstration of proper training techniques.","3","3","-","-","-","-","-","-","-","Fall, Spring, Summer"
"KIN","381","Exercise and Chronic Disease","Focus on the epidemic of chronic disease impacting society and the benefits/use of exercise as a therapy for selected diseases.","3","3","-","-","-","-","-","-","-","Fall, Spring, Summer"
"KIN","383","Exercise and Older Adults","Examines the relationship between exercise and the aging process. Specific focus will be on the impacts of aging on the organ systems of the human body, the extent to which exercise may beneficially impact this process, and methodology for assessment of fitness and prescription of exercise in the older adult population ","3","3","-","-","-","-","-","-","-","Fall, Spring, Summer"
"KIN","385","Fundamentals of Health and Fitness","Examine human behavior and exercise as the forefront of discussions about health. Examine relationship between health behavior, exercise, inactivity, and fitness adaptations.  ","3","3","-","-","-","-","-","-","-","Fall, Spring, Summer"
"KIN","386","Pediatric Physical Activity, Exercise & Sport","Introduction to physiological and behavioral exercise considerations for a holistic approach to increasing activity levels effectively and safely in the pediatric population. Prepares students planning to work with healthy to obese 3-17 year olds in physical activity, exercise, and sport to encourage lifelong physical activity adherence and obesity reduction. ","3","3","-","-","-","-","-","-","-","Summer"
"KIN","480","Principles and Practice of Exercise Program Design","This course develops applied skills in designing, progressing, and evaluating exercise programs for diverse populations. Students will integrate scientific foundations and training methods into structured, evidence-based plans that address strength, power, endurance, and performance goals. Emphasis is placed on periodization models, progression strategies, and balancing training variables (intensity, volume, frequency). Students will practice writing, critiquing, and adapting programs to optimize performance outcomes and client success.","3","3","-","-","-","-","-","-","-","Fall, Spring, Summer"
"KIN","520","Practicum in Fitness Settings","Practical experiences in the fitness setting such as observation and participation in exercise testing and prescription, exercise leadership, and record keeping and program management. ","1","3","-","-","-","-","-","-"," Consent of School required","Fall, Spring, Summer"
"KIN","591","Psychology of Exercise and Sport Injury","Underlying effects, treatment of psychological consequences, and physical trauma of exercise and sport injury. Topics include the impact of injury on exercise behavior, the athlete at risk, behavioral risk factors, injury assessment, treatment of injury, and psychological factors addressed by the sports medicine team.","3","3","-","-","-","-","-","-","-","Summer"
"KIN","592","Sport and Exercise Personality","Intersession only The role of personality in sport, sport performance and exercise behavior. Theories relevant to sport and exercise peresonality will be examined to provide a theoretical framerwork for understanding and applying research. Assessment instruments and relevant research will be examined and critiqued.","3","3","-","-","-","-","-","-","-","Intersession"
"KIN","594","Sport and Exercise Psychology","This course is designed to introduce the student to the basic psychological principles related to sport and exercise behavior and performance. Factors that influence sport performance will be examined as will the principles related to exercise and exercise behavior.","3","3","-","-","-","-","-","-","-","S,U"
"KIN","601","Cardiorespiratory Physiology","An examination of the structure and function of the respiratory system and the manner in which oxygen passes from the atmosphere to its site of utilization in the mitochondria. Exercise, disease, and environmental stresses will form the basis for examining the capacity, plasticity, and limitations to respiratory function.","3","3","-","-","-","-","KIN701","-","-","Spring-Odd Years"
"KIN","607","Muscle Physiology","Subcellular, cellular, and tissue structure of skeletal muscle and the relationship of these structural characteristics to the functioning of the muscle. Examines energy pathways available to the muscle to support the various functions, and mechanisms underlying changes in exercise tolerance that accompany exercise training and detraining, aging, and diseases that affect skeletal muscle.","3","3","-","-","-","-","KIN707","-","-","Fall"
"KIN","611","Autonomic Neurophysiology","Study of the structure and function of the autonomic nervous system primarily as it pertains to physical stress. Particular emphasis is placed on the mechanisms evoking changes in the autonomic nervous system during physical stress including feed-forward and feedback autonomic control signals. The effects of disease and exercise training on those neural control signals are discussed","3","3","-","-","-","-","KIN711","-","-","Fall, Summer"
"KIN","617","Signaling Pathways in Physiology","Current concepts of biological signaling transduction and its role in controlling genes expression and protein synthesis involved in exercise adaptation, including resistance and endurance exercise, and disease states, including cardiovascular disease and cancer. This course seeks to fulfill the following
objectives: (1) To train students to understand the molecular and cellular signaling mechanisms associated with changes in skeletal and cardiac muscle mass, cardiac function, and endothelial function change in response to exercise and disease. (2) Foster an understanding of the correlation of
'macro-level' concepts like muscle hypertrophy to 'micro-level' concepts such as mTOR signaling with the goal of understanding the role cell signaling plays in mediating chronic adaptation. This course is recommended for pre-med students, pre-physical therapy students, biology and physiology majors, 80 and those interested in a career in health and human services. This course will cover concepts that are of emphasis of the MCAT exam.","3","3","-","-","-","-","-","-","-","Fall, Spring"
"KIN","625","Exercise Testing and Prescription","Benefits and risks of exercise testing and prescription with healthy populations, individuals at risk, and patients with cardiovascular and metabolic diseases. Includes experiences with exercise test technology and methods of exercise prescription.","3","3","-","-","-","-","-","-","Note: CPR, and First Aid required, Two hours recitation and two hours lab a week.","Fall, Spring"
"KIN","635","Nutrition and Exercise","The interrelationships between diet, nutrition, and exercise. Topics covered include physical fitness, weight control, nutrient metabolism during exercise, and athletic performance. ","3","3","-","-","-","-","-","-","-","Fall"
"KIN","657","Integrative Human Pathophysiology","This course is designed to introduce the student to the mechanistic pathways of prominent chronic diseases (e.g., cardiovascular, respiratory, renal, cancer) and the mechanistic basis for current recommended treatments. This course will focus on the vertical integration of cardiovascular, renal, respiratory, and neural physiological pathways as they relate to pathogenesis, diagnosis, and treatment of these chronic diseases. A large emphasis will be placed on the cellular and molecular response, how they manifest in histological analysis and subsequent organ system dysfunction with the role of exercise therapy (example: cardiac/respiratory therapy) and pharmacology in mitigating these physiological changes.   ","3","3","-","-","-","-","-","-","-","Fall, Spring"
"KIN","701","Cardiorespiratory Physiology","An examination of the structure and function of the respiratory system and the manner in which oxygen passes from the atmosphere to its site of utilization in the mitochondria. Exercise, disease, and environmental stresses will form the basis for examining the capacity, plasticity, and limitations to respiratory function.","3","3","-","-","-","-","KIN601","-","-","Spring"
"KIN","707","Muscle Physiology","Subcellular, cellular, and tissue structure of skeletal muscle and the relationship of these structural characteristics to the functioning of the muscle. Examines energy pathways available to the muscle to support the various functions, and mechanisms underlying changes in exercise tolerance that accompany exercise training and detraining, aging, and diseases that affect skeletal muscle.","3","3","-","-","-","-","KIN607","-","-","Fall, Spring, Summer"
"KIN","711","Autonomic Neurophysiology","Study of the structure and function of the autonomic nervous system primarily as it pertains to physical stress. Particular emphasis is placed on the mechanisms evoking changes in the autonomic nervous system during physical stress including feed-forward and feedback autonomic control signals. The effects of disease and exercise training on those neural control signals are discussed.","3","3","-","-","-","-","KIN611","-","-","Fall, Summer"
"KIN","796","Topics in Exercise Physiology","Selected topics in excercise physiology involving either greater in-depth study or application of theory presented in a related course.","3","3","-","-","-","-","-","-","Note: Consent of School","On sufficient demand"
"KIN","800","Advanced Physiology of Exercise","An in-depth study of the physiological responses of the human body during exercise, the adaptations that occur with exercise training, and the laboratory techniques to assess these responses and adaptations.","3","3","-","-","-","-","-","-","-","Fall"
"KIN","801","Physical Activity: Physiology to Public Health","This graduate seminar covers the study of physical activity and its impact on public health across levels of analysis from basic exercise physiology to social ecology.","3","3","-","-","-","-","-","-","-","Fall"
"KIN","805","Physical Activity and Human Behavior","An examination of the theory and research related to the psychological antecedents and outcomes of participation in physical activity and exercise. Topics include models of exercise motivation, social cognitive theory of exercise and social ecological models of physical activity. ","3","3","-","-","-","-","-","-","-","Fall"
"KIN","824","Physiology of Oxygen Transport","This course is designed to promote critical reading of the literature, particularly with respect to the understanding of exercise physiology and cardiorespiratory, vascular and muscle energetics responses.  Activities will include presenting papers, debate and discussion regarding all aspects of science and scientific philosophy.","3","3","-","-","-","-","-","-","-","Spring"
"KIN","825","Mechanical Analysis of Human Movement","Mechanical principles and analysis procedures for the study of overt human movement. Applications to movements in exercise, sport, occupational, and daily living activities will be emphasized. ","3","3","-","-","-","-","-","-","-","Spring"
"KIN","826","Advanced Cardiovascular Physiology","Discussion and critical examination of cardiovascular control mechanisms, with specific emphasis on regulation of blood pressure during severe challenges such as exercise, heat stress, and upright posture.","3","3","-","-","-","-","-","-","-","Fall"
"KIN","855","Exercise Psychology in Special Populations","A study of the psychological determinants and outcomes of exercise participation in special populations (e.g. arthritic, obese, cardiovascular disease). Emphasis in understanding the motive underlying involvement in exercise and physical activity and the situational and personal determinants associated with failure to initiate and/or adhere to exercise and physical activity programs. ","3","3","-","-","-","-","-","-","-","Fall"
"LEAD","212","Introduction to Leadership Concepts","This course is organized to provide students with a broad overview of leadership theories, an introduction to ethical decision making, identification of personal leadership styles, and current societal issues for leaders.","2","3","-","-","LEAD212 Intro Ldrshp Concept","-","-","-","-","Fall, Spring, Summer"
"LEAD","560","Experiences in Community-Engaged Leadership","In this capstone experience students design, plan, execute, and evaluate a community-engaged research project. The project will be consistent with the principles of community engagement and the purposes and process of democratic practice. Students will exercise leadership with community partners to build capacity for systemic change. ","6","6","-","-","-","-","-","-","-","Spring"
"MANGT","320","Leading in Business Organizations","Examines how executives and managers guide organizational success through strategic decision-making and organizational influence. Students explore business-focused theories, with emphasis on how executive-level decisions impact organizational performance. The course integrates established business theories with contemporary management practices.","3","3","-","-","-","-","-","-","-","Fall, Spring"
"MANGT","366","Information Systems and Business Analytics","A comprehensive view of organizational information systems required for obtaining and transforming data into business analytics and intelligence. Cases and hands-on exercises emphasize information systems usage in data acquisition, analysis, and presentation leading to effective organizational decision-making.","3","3","-","-","-","-","-","-","Demonstrate competence in use of computer spreadsheets.","Fall, Spring, Summer"
"MANGT","491","International Management Experience","This course is designed to provide students with an opportunity to observe international business and management perspectives by participating in a field trip outside the United States. This experiential course may involve a combination of business visits, cultural experiences, internship activities, applied research projects, personal reflection exercises, or other learning activities while abroad.","3","3","-","-","-","-","-","-","-","On sufficient demand"
"MANGT","520","Organizational Behavior","An examination of human behavior in organizations to prepare individuals for their managerial careers. The course provides a framework for students to diagnose and manage issues associated with personality and individual differences, perceptions, motivation, diversity and inclusion, fairness and equity, decision making, group functioning, conflict management, culture, and leadership in organizations.","3","3","-","-","-","-","-","-","-","Fall, Spring"
"MANGT","521","Managerial Decision Analytics","Managerial decision analytics uses descriptive, predictive, and prescriptive data analytics to improve organizational decision-making processes.","3","3","-","-","-","-","-","-","-","Fall, Spring"
"MANGT","527","Sports Management Analytics","Provides knowledge and capabilities in analytics and artificial intelligence (AI) for the quantitative management of professional sports organizations. Explores topics in measurement and managerial assessment of athletic and team performance, strategic and tactical analyses in professional sports, and leveraging AI and data for optimized decision making in sports management.","3","3","-","-","-","-","-","-","MANGT 366 OR consent of department head","On sufficient demand"
"MANGT","566","Computer Systems for Finance and Investment Management","An integrated course examining the interrelationship between finance/investment management and information technology taught using a mixture of theory/concepts and hands-on activities. Topics include spreadsheet design and use in finance and investments, decision support systems and artificial intelligence used in risk analysis, financial database design, and information technologies used to transmit financial and investment information. ","3","3","-","-","-","-","-","-","-","On sufficient demand"
"MANGT","590","International Management","Analysis of the political, legal, economic, and sociocultural environments and how they influence international management decisions such as timing and place of foreign market entry, mode of entry, and formulations and implementation of international strategies. Students develop the knowledge and skills necessary for managing international operations including cross-cultural communication, negotiations, ethical decision making, leadership, staffing, and workforce motivation..","3","3","-","-","-","-","-","-","-","Fall, Spring"
"MANGT","662","Procurement, Logistics and Supply Chain Design","Addresses the interrelationship between operations and other functions required to deliver value to the end customer of a supply chain. Topics include: strategic procurement and purchasing operations and process, sourcing decisions, location strategies, distribution network design, global supply chain network design, and supply chain risk management. ","3","3","-","-","-","-","-","-","-","Fall"
"MANGT","890","International Management","Analysis of the political, legal, economic, and sociocultural environments and how they influence international management decisions such as timing and place of foreign market entry, mode of entry, and formulation and implementation of international strategies. Students develop the knowledge and skills necessary to more effectively manage the international operations of organizations.  ","3","3","-","-","-","-","-","-","-","Fall, Spring"
"MANGT","893","Management Science","The application of management science methods to business problems to provide a basis for rational decision making. Includes mathematical programming, inventory theory, simulation, model building, and heuristics. ","3","3","-","-","-","-","-","-","-","On sufficient demand"
"MC","466","Media Law & Ethics","A study of the legal and ethical issues relating to media, strategic communications and personal media use. Emphasis on defamation, privacy, copyright, administrative controls and other legal areas. Includes a study of ethics in the media, perfect and imperfect ethical duties, and situational ethical decision making. ","3","3","-","-","-","-","-","-","-","Fall, Spring"
"MC","474","Social Media Management Simulation Lab","Uses simulation software to build experience in running a social media campaign for a business. Develops skills in multiple areas of campaign management, including content creation, budget management, impact analysis, and decision-making. ","2","2","-","-","-","-","-","-","-","Fall, Spring"
"MC","573","Ethics in Mass Communication","Making ethical decisions in mass media fields and the principles on which those decisions are based.","3","3","-","-","-","-","-","-","-","Fall, Spring"
"MC","576","Mass Communications and Political Campaigns","The roles of journalism, advertising and public relations in political campaigns. Examines campaign communication strategies, staffing, and the role of political consultants. Analyzes how voter decision making is affected by mass communications and how voters develop attitudes about candidates and issues.","3","3","-","-","-","-","-","-","-","Other"
"MC","720","Ethics of Mass Communications","Moral analysis, argument, and decision-making by the mass communicator. ","3","3","-","-","-","-","-","-","-","Fall, Spring"
"ME","728","Computer Control of Electromechanical Systems","Discrete modeling and analysis of dynamic physical systems in mechanical engineering. Sampling and data conversion and reconstruction. Real time implementation of control on a computer. Digital controller design and implementation. Laboratory exercises in control applications and design.","3","3","-","-","-","-","-","-","Two hours of recitation and three hours of laboratory per week.","Spring"
"ME","777","Monte Carlo Methods","The objective of this course is to explore various methods of Monte Carlo for solving direct and inverse problems in engineering. The course covers probability distributions; laws of large numbers and Central Limit Theorem; pseudo random number generation; sampling, scoring, and precision; variance reduction procedures; Markov chain Monte Carlo; inverse Monte Carlo; solution of linear operator equations; particle transport simulation. ","3","3","-","-","-","-","-","-","-","Spring-Even Years"
"MET","121","Manufacturing Methods","Introduction to contemporary manufacturing processes and practices, including precision measurement and inspection, machining, forming, casting, and welding processes. Recitation and laboratory experience in manufacturing practices, including metrology and basic setup and operation of manufacturing equipment. Observation of applications in local industry. ","3","3","-","-","-","-","-","-","One hour lecture and four hours lab a week.","Fall"
"MET","410","Managerial and Project Economics","Economic analysis of problems as applied to managerial decision making. Students consider the economic viability of solutions in engineering and a variety of other kinds of projects common in technology-oriented businesses.","3","3","-","-","-","-","-","-","-","Fall"
"MET","460","Tool Design For Manufacturing","Principles and practices involved in tool drawing and design concepts necessary for the manufacture of products. Emphasis on design of jigs and fixtures, gauging devices, dies, ease of operation, and methods of assembly. Production cost related to selection of parts and methods of production is stressed. Applied laboratory exercises illustrated through specific case studies. ","3","3","-","-","-","-","-","-","Two hours lecture and two hours lab a week.","Spring"
"MET","481","Automated Manufacturing Systems II","Covers systems for manufacturing operations including facilities, supplies, materials, procedures, and control. Topics include design, programming, feedback for manufacturing, production set-up, automated work cells, and decision issues.","3","3","-","-","-","-","-","-","Two hours lecture and two hours lab a week.","Fall"
"MIS","366","Introduction to Business Analytics and Information Systems","A comprehensive view of organizational information systems required for obtaining and transforming data into business analytics and intelligence. Cases and hands-on exercises emphasize information systems usage in data acquisition, analysis, and presentation leading to effective organizational decision-making. ","3","3","-","-","-","-","-","-","Special section of MANGT 366 open to students considering a Management Information Systems (MIS) Major. 

Demonstrate competence in use of computer spreadsheets.","Spring"
"MIS","670","Social Media Analytics and Web Mining","This course is an in-depth study of a broad range of topics and techniques in the areas of social media analytics, web mining and social network analysis. Emphasis is on fundamentals of data acquisition from the web and social media platforms, transformation of these unstructured data into structured format, advanced data processing techniques for analysis, business intelligence through web crawling, analysis of web and social media data using classification, clustering, and association techniques, sentiment analysis (or opinion mining) for business decisions, visualization of unstructured data, and social network analysis.","3","3","-","-","-","-","-","-","-","S,U"
"MKTG","326","International Business","This course provides students with an appreciation of the opportunities and unique challenges in international business, an understanding of the strategic and operational options available to an international firm, and managerial decision making abilities required to be successful abroad. The course examines strategic and operational issues involved in international business activity and how to best manage these issues.","3","3","-","-","-","-","-","-","-","Fall, Spring, Summer"
"MKTG","450","Consumer Behavior","A study of the concepts, principles, and theories to understand, evaluate and predict consumer behavior. Explaining the behavior of consumers provides insight into ambiguous marketing situations. The course focuses on applying scientific methods to aid in marketing decision making. In addition, this course integrates current consumer research and theory, as well as current topics.","3","3","-","-","-","-","-","-","-","Fall, Spring, Summer"
"MKTG","480","Marketing Analytics Fundamentals","Students will develop an understanding of data collection, data analysis and data visualization in order to make strategic business decisions.","3","3","-","-","-","-","-","-","-","Fall, Spring"
"MKTG","653","Applications of Marketing Analytics","Marketing analytics focuses on applications of quantitative analysis to understand dynamic marketing phenomena. This course is a mixture of lectures on essential marketing concepts/econometrics/text mining, instructions on software program (Stata and R), and discussions of marketing cases to facilitate students' critical thinking and decision making leveraged by analytical ability. To facilitate learning statistical software programs, students will practice hands-on projects in the computer lab.Learning outcomes are that students will be able to do the following:Choose correct quantitative analysis methodologies
Learn data analysis software programs (Stata and R)
Make strategic decisions based on data analysis and communicate marketing strategies","3","3","-","-","-","-","-","-","-","Fall, Spring"
"MKTG","654","Marketing Research","Learn the essential techniques and tools for data collection, analysis, and interpretation, including survey and experimental design (A/B testing). Students will explore qualitative and quantitative methods, learn to utilize statistical software, and engage in hands-on projects to apply concepts in marketing contexts to make strategic data-driven decisions.","3","3","-","-","-","-","-","-","-","Fall or Spring"
"MKTG","725","Market Research Fundamentals: Qualitative and Quantitative Approaches","Students will learn to design and execute research studies, apply survey techniques, understand customer needs, and effectively communicate research findings to support problem-solving and decision-making in marketing.","3","3","-","-","-","-","-","-","-","Fall, Spring, Summer"
"MKTG","745","Data-Driven Marketing: Analytics for Strategic Decisions","Students will develop skills to collect, analyze, and interpret business data using statistical and predictive modeling techniques, applying insights to optimize marketing strategies and effectively communicate results to diverse audiences.","3","3","-","-","-","-","-","-","-","Fall, Spring, Summer"
"MKTG","844","Advanced International Marketing","This course is designed to develop the students' managerial decision making ability in international marketing. The course will focus on the internationalization process of firms, the unique issues in international marketing, and international marketing strategy. The course will integrate short lectures, class discussions, and case analysis to achieve its objectives. ","3","3","-","-","-","-","-","-","-","On sufficient demand"
"MKTG","880","Applied Marketing Analy","Business Intelligence is a systematic approach to harnessing customer data and competitive information to drive strategic business decision making. This course deals with how to collect and analyze business data to enhance quality of decision making in modern enterprises. Unlike courses based on data mining (inductive approach), this course will be largely based on regression techniques (deductive approach). The course will be based on lectures, case analysis, and hands on exercises to make students comfortable with powerful computing tools used for data analysis. The cases and exercises will be bundled with data which will be used to apply concepts learned in class to real business situations. ","3","3","-","-","-","-","-","-","-","Spring"
"MKTG","881","Advanced Marketing Analytics","Students will gain an understanding of econometric and statistical methods of analysis and their application to business problems.  Through lectures and exercises, student will use software tools often used in business for data analysis.  Students will also learn how to interpret and apply the results from the software in data analyses.  Emphasis will be placed on the application of econometric and statistical methods of data analyses. Topics will include customer choice analysis, customer segmentation and targeting, customer lifetime value calculation, and forecasting. ","3","3","-","-","-","-","-","-","-","Fall"
"MLAI","404","Artificial Intelligence Systems Architecture","This course examines the architectural foundations of artificial intelligence systems, focusing on the design, integration, and deployment of scalable, reliable, and secure AI solutions. Topics include data pipelines, model lifecycle management, distributed and cloud-based AI infrastructures, edge and embedded AI systems, and system performance optimization. Students will explore architectural trade-offs and best practices through case studies and applied design exercises.","3","3","-","-","-","-","-","-","-","Spring"
"MLAI","499","Special Topics in Artificial Intelligence and Autonomous Systems","This course offers an in-depth examination of emerging and specialized topics in artificial intelligence and autonomous systems. Subject matters vary by offering and may include machine learning advances, advanced artificial intelligence topologies (generative, agentic, and synthetic), robotics, human-machine teaming, autonomous decision-making, AI safety, or domain-specific applications. The course emphasizes current research, experimental methods, and applied problem solving, allowing students to engage with cutting-edge developments in the field.","0","6","-","-","-","-","-","-","-","On sufficient demand"
"MLANG","710","Foreign Language Pedagogy","Second and foreign language pedagogical theory is combined with the examination of practical concerns in the teaching of languages, in order to provide future and current instructors with the necessary background for making informed decisions concerning classroom practices. Taught in English. ","3","3","-","-","-","-","-","-","Instructor approval required.","Fall"
"MLAS","400","Supervised learning in Autonomous Systems","Supervised learning is the machine learning task of learning a function that maps an input to an output based on example input-output pairs. Using probabilistic programming languages, this course will illustrate supervised machine learning concepts via data preparation, training data, model evaluation, and operationalization. Common machine learning algorithms for supervised learning such as K-nearest neighbors, logistic regression, decision trees and random forests will be explored and operationalized within an autonomous system. ","3","3","-","-","-","-","-","-","-","Fall"
"MLAS","500","Reinforcement Learning in Autonomous Systems","This course will guide students through the development and operationalization of reinforcement learning frameworks.  Reinforcement learning architectures such as Markov decision processes, Q-Learning, artificial neural networks, recurrent neural networks, and generative adversarial networks will be explored. This course is a guide to the complexities of reinforcement learning, their respective architectures and implementations within an autonomous system. ","3","3","-","-","-","-","-","-","-","Fall"
"MSCI","302","Leading Small Military Organizations II","Continues methodology of MSCI 301. Military missions and task analysis. Ethical decision making and lessons from leadership case studies.","0","4","-","-","-","-","-","-","Three classroom hours, a leadership lab, participation in three one hour physical fitness sessions. Participation in one weekend exercise is required; two other weekend exercises optional.","Spring"
"MUSIC","213","Piano Class III","Reinforces and expands the skills introduced in the previous levels: harmonization, transposition, sight-reading, improvisation, and technical exercises continue to be at the core of the curriculum, while introducing new concepts such as transposing instruments, secondary chords, and both instrumental and vocal accompanying. ","1","1","-","-","-","-","-","-","-","Fall"
"MUSIC","214","Piano Class IV","Reinforces and expands the skills introduced in previous levels: harmonization, transposition, sight-reading, improvisation, and technical exercises continue to be at the core of the curriculum, while introducing new concepts such as modulations, alto clef reading, augmented and Neapolitan sixth chords, and vocal warm-ups. Passing the final exam for this course fulfills the piano Proficiency requirements (MUSIC 060).","1","1","-","-","-","-","-","-","-","Spring"
"MUSIC","320","Music Theory III","Theoretical concepts of eighteenth-century music. Modulations, secondary function chords, counterpoint, and some chromatic harmony. Identify and work with elements of musical structure through exercises, analysis and composition.","3","3","-","-","-","-","-","-","-","Fall, Spring"
"MUSIC","441","Pop Music Icons","An exploration of the musical decisions that define the world’s leading pop musicians and songwriters. Using directed listening and curated playlists, students will engage with musical offerings and develop an understanding of influences for each artist studied. Individual artists or collected groups of artists are examined in detail.","3","3","-","-","-","-","-","-","No previous training is necessary, but prior work with the elements of music, songwriting, or a broad popular music course may be helpful.","Fall, Spring, Summer"
"MUSIC","714","Advanced Orchestration","The study of orchestra and band scores. Exercises in orchestrating this type of music for different choirs of instruments, as well as scoring for full orchestra and symphonic band. ","2","2","-","-","-","-","-","-","-","Spring"
"MUSIC","858","Advanced Choral Conducting","Exercises and techniques to refine the conducting gesture; techniques of noted choral conductors; and score study.","1","2","-","-","-","-","-","-","-","Fall, Spring, Summer"
"NE","350","Reactor Operations Laboratory","A basic course in reactor operator licensing, nuclear safety, and reactor operations with structured laboratory exercises. ","3","3","-","-","-","-","-","-","Two hours lecture and one three-hour lab per week.","Fall, Spring, Summer"
"PAS","720","Evidence Based Medicine","Intensive study in evidence based medicine and critical thinking about the information and evidence needed to produce clinical decisions. The student will be prepared to cope with the vast amount of medical literature produced every year.  The course is structured to equip the student to effectively evaluate medical literature, and apply the information acquired to clinical decision making in the provision of individualized patient care.","1","1","-","-","-","-","-","-","-","Fall"
"PAS","740","Clinical Procedures I","Designed to allow students to become competent in a variety of patient care skills. Skills are sequenced to the body systems being covered in the physical diagnosis course. Allows students to safely apply the medical-decision making process, and learn the procedural skills in a simulated environment. Course will utilize simulators, task trainers and standardized patient experiences. ","2","2","-","-","-","-","-","-","-","Spring"
"PAS","741","Clinical Procedures II","Designed to allow students to become competent in a variety of patient care skills. Skills are sequenced to the body systems being covered in the physical diagnosis course. Allows students to safely apply the medical-decision making process, and learn the procedural skills in a simulated environment. Course will utilize simulators, task trainers and standardized patient experiences. ","2","2","-","-","-","-","-","-","-","Summer"
"PAS","742","Clinical Procedures III","Designed to allow students to become competent in a variety of patient care skills. Skills are sequenced to the body systems being covered in the physical diagnosis course. Allows students to safely apply the medical-decision making process, and learn the procedural skills in a simulated environment. Course will utilize simulators, task trainers and standardized patient experiences. ","2","2","-","-","-","-","-","-","-","Fall"
"PAS","750","Physical Diagnosis I","Designed to provide training on the skills and competencies necessary for obtaining a patient's medical history, and performing a physical examination. Includes an approach to patient interviewing, acquiring clinical information, organizing and processing this information, and presenting it in a clear and concise manner. This will be achieved by learning examination techniques through lectures, small group settings, faculty mentoring, practicum examinations, and select body system specialty exams.  ","2","2","-","-","-","-","-","-","-","Spring"
"PAS","751","Physical Diagnosis II","Designed to provide training on the skills and competencies necessary for obtaining a patient's medical history, and performing a physical examination. Includes an approach to patient interviewing, acquiring clinical information, organizing and processing this information, and  presenting it in a clear and concise manner.  This will be achieved by learning examination techniques through lectures, small group settings, faculty mentoring, practicum examinations, and select body system specialty exams.  ","2","2","-","-","-","-","-","-","-","Summer"
"PAS","752","Physical Diagnosis III","Designed to provide training on the skills and competencies necessary for obtaining a patient's medical history, and performing a physical examination. Includes an approach to patient interviewing, acquiring clinical information, organizing and processing this information, and  presenting it in a clear and concise manner. This will be achieved by learning examination techniques through lectures, small group settings, faculty mentoring, practicum examinations, and select body system specialty exams.  ","2","2","-","-","-","-","-","-","-","Fall"
"PAS","780","Clinical Medicine I","The first in a series of three courses designed to guide the development of problem-solving skills in the medical decision-making process. This course uses a body systems approach to thoroughly study diseases/disorders encountered in primary care practice. Medical knowledge includes the epidemiology, etiology, pathophysiology, clinical manifestations, diagnosis, management and patient education of diseases/disorders. Instruction includes providing care to preventive, emergent, acute, chronic, adolescent, adult, and elderly populations as it applies to disease processes. Instruction will consist of lectures, problem/case-based learning, and small group collaboration.  ","6","6","-","-","-","-","-","-","-","Spring"
"PAS","781","Clinical Medicine II","The second in a series of three courses designed to guide the development of problem-solving skills in the medical decision-making process. This course uses a body systems approach to thoroughly study diseases/disorders encountered in primary care practice. Medical knowledge includes the epidemiology, etiology, pathophysiology, clinical manifestations, diagnosis, management and patient education of diseases/disorders. Instruction includes providing care to preventive, emergent, acute, chronic, adolescent, adult, and elderly populations as it applies to disease processes. Instruction will consist of lectures, problem/case-based learning, and small group collaboration.  ","6","6","-","-","-","-","-","-","-","Summer"
"PAS","782","Clinical Medicine III","The third in a series of three courses designed to guide the development of problem-solving skills in the medical decision-making process. This course uses a body systems approach to thoroughly study diseases/disorders encountered in primary care practice. Medical knowledge includes the epidemiology, etiology, pathophysiology, clinical manifestations, diagnosis, management and patient education of diseases/disorders. Instruction includes providing care to preventive, emergent, acute, chronic, adolescent, adult, and elderly populations as it applies to disease processes. Instruction will consist of lectures, problem/case-based learning, and small group collaboration.  ","7","7","-","-","-","-","-","-","-","Fall"
"PAS","800","Family Medicine I - SCPE","A supervised clinical practice experience designed to give students the opportunity to participate in the medical decision-making process while developing the appropriate knowledge, skills, and abilities to provide care in the ambulatory outpatient family medicine clinic. The course will deliver education on providing comprehensive evidence-based, gender/age specific individualized care, addressing acute and chronic diseases, health promotion and disease prevention in the context of each patient's social, economic, cultural and religious background. Students will engage with the interprofessional team, and behave as a medical professional with patients, families and other members of the medical team. ","4","4","-","-","-","-","-","-","-","Spring"
"PAS","810","Family Medicine II - SCPE","A supervised clinical practice experience designed to give students the opportunity to participate in the medical decision-making process while developing the appropriate knowledge, skills, and abilities to provide care in the ambulatory outpatient family medicine clinic. The course will deliver education on providing comprehensive evidence-based, gender/age specific individualized care, addressing acute and chronic diseases, health promotion and disease prevention in the context of each patient's social, economic, cultural and religious background. Students will engage with the interprofessional team, and behave as a medical professional with patients, families and other members of the medical team. ","4","4","-","-","-","-","-","-","-","Fall, Spring, Summer"
"PAS","820","Internal Medicine - SCPE","A supervised clinical practice experience designed to give students the opportunity to participate in the medical decision making process while developing the appropriate knowledge, skills and abilities to provide care in the in/outpatient internal medicine practice. Students will encounter a full range of experiences to include, preventative care, acute and chronic illness, and palliative/end of life care in the context of each patient's social, economic, cultural and religious background. Students will have the opportunity to work as part of the primary team while coordinating with subspecialist, and interdisciplinary allied health professionals. ","4","4","-","-","-","-","-","-","-","Fall, Spring, Summer"
"PAS","830","Emergency Medicine - SCPE","A supervised clinical practice experience designed to give students the opportunity to participate in the medical decision making process while developing the appropriate knowledge, skills and abilities to provide care in the emergency medicine practice. The rotation will take place in emergency departments. This rotation allows students to establish triage skills, learn to recognize and manage conditions that need immediate attention and prioritize care for conditions that are less urgent. Students will engage with the interprofessional team and behave as a medical professional with patients, families and other members of the medical team. ","4","4","-","-","-","-","-","-","-","Fall, Spring, Summer"
"PAS","840","Pediatric Medicine - SCPE","A supervised clinical practice experience designed to give students the opportunity to participate in the medical decision making process while developing the appropriate knowledge, skills and abilities to provide care in a pediatric medicine practice. The course provides education in comprehensive, evidence-based, gender/age specific individualized care, addressing acute and chronic diseases (sick child), health promotion (well child) and disease prevention in the context of each patient's social, economic, cultural and religious background. Students will engage with the interprofessional team and behave as a medical professional with patients, families and other members of the medical team. ","4","4","-","-","-","-","-","-","-","Fall, Spring, Summer"
"PAS","850","Surgery - SCPE","A supervised clinical practice experience designed to give students the opportunity to participate in the medical decision making process while developing the appropriate knowledge, skills and abilities to provide care in the surgical practice. The experiences in this rotation will include pre-operative, intra-operative (assisting) and post-operative surgical care. Students will engage with the interprofessional team and behave as a medical professional with patients, families and other members of the medical team.","4","4","-","-","-","-","-","-","-","Fall, Spring, Summer"
"PAS","860","Behavioral Medicine - SCPE","A supervised clinical practice experience designed to give students the opportunity to participate in the medical decision making process while developing appropriate knowledge, skills and abilities to recognize and provide care for various behavioral/mental health problems. In settings such as in/outpatient behavioral/mental health facilities and multiservice centers, students will participate in behavioral/mental health evaluations, observe behavioral/mental therapy/interventions, and discuss management plans. Emphasis is on applying skills learned to treatment of behavioral/mental health issues in primary care. Students will engage with the interprofessional team, and behave as a medical professional with patients, families and other members of the medical team. ","4","4","-","-","-","-","-","-","-","Fall, Spring, Summer"
"PAS","870","Women's Health - SCPE","A supervised clinical practice experience designed to give students the opportunity to participate in the medical decision making process while developing the appropriate knowledge, skills and abilities to provide care in a women's health medicine practice. Experiences include prenatal care, obstetric/gynecologic health histories, OB/GYN exams, evaluation and management planning. Emphasis is on applying skills learned to the treatment of OB/GYN health issues in primary care in the context of each patient's social, economic, cultural and religious background. Students will engage with the interprofessional team and behave as a medical professional with patients, families and other members of the medical team. ","4","4","-","-","-","-","-","-","-","Fall, Spring, Summer"
"PAS","890","Geriatric Medicine - SCPE","A supervised clinical practice experience designed to give students the opportunity to participate in the medical decision-making process while developing the appropriate knowledge, skills, and abilities to provide care to the geriatric population. Students will be exposed to a variety of experiences including ambulatory practice, nursing facilities, assisted living centers, and hospice. The course will deliver education on providing comprehensive evidence-based, geriatric specific individualized care, addressing acute and chronic conditions, health promotion and disease prevention in the context of the elderly patient's social, economic, cultural and religious background. Students will engage with the interprofessional team and behave as a medical professional with patients, families and other members of the medical team. ","4","4","-","-","-","-","-","-","-","Fall, Spring, Summer"
"PAS","891","Orthopedics - SCPE","A supervised clinical practice experience designed to give students the opportunity to participate in the medical decision-making process while developing the appropriate knowledge, skills, and abilities to provide care in orthopedics. The course will deliver education on providing comprehensive evidence-based, gender/age specific individualized care, addressing acute and chronic musculoskeletal conditions with and without surgical intervention, health promotion and disease prevention in the context of each patient's social, economic, cultural and religious background. Students will engage with the interprofessional team and behave as a medical professional with patients, families and other members of the medical team. ","4","4","-","-","-","-","-","-","-","Fall, Spring, Summer"
"PFP","101","Money 101","This course provides an introduction to resources and tools available to assist students in developing beginning personal finance skills that will assist them throughout their lifetime. Application exercises will allow students to apply personal finance knowledge in solving real-life problems.","1","1","-","-","-","-","-","-","This course has an online format.","Fall, Spring"
"PFP","105","Introduction to Personal Financial Planning","Fundamental principles for making financial decisions. Analysis and evaluation of personal and family money management strategies.","3","3","-","-","-","-","-","-","-","Fall, Spring, Summer"
"PFP","320","Applied Behavioral Finance","Introductory exploration of the field of behavioral finance and its relationship to personal and financial decision-making.","3","3","-","-","-","-","-","-","-","Spring"
"PFP","770","Applied Behavioral Finance","This course is applied behavioral finance course that examines the intersection of behavioral finance and financial planning. It reviews the research on behavioral finance, neuroeconomics, and investor psychology; exploring the effects of human emotions and cognitive errors on financial decisions and the financial planning process. This course focuses on the application of behavioral finance theory and research to the practice of personal financial planning to help financial planners improve the financial health of their clients. ","3","3","-","-","-","-","-","-","-","S,U"
"PFP","802","Theories and Research in Family Financial Planning II","Macroeconomic theory as it relates to family resource allocation decisions. Advanced theories of household economic behavior including the life cycle hypothesis, behavioral economics, behavioral finance, theories of behavioral change, and psychological theories of subjective economic well-being. Focus on empirical research investigating household financial decision-making. ","3","3","-","-","-","-","-","-","-","Fall, Summer"
"PHILO","120","Introduction to Philosophy of Art","Philosophical problems concerning the concepts of art and aesthetic value, patterns of reasoning in art appreciation and criticism, and writing histories of art and artistic movements. ","3","3","-","-","-","-","-","-","-","Fall, Spring, Summer"
"PHILO","145","Historical Introduction to Philosophy","Introduction to philosophy through the study of major thinkers in the history of philosophy, such as Plato, Descartes, Hume. Topics may include the immortality of the soul, the existence of God, skepticism, reasons for being moral. ","3","3","-","-","-","-","-","-","-","Fall, Spring"
"PHILO","180","Introduction to Philosophy of Race","Introduction to concepts of race and racial identity; contemporary controversies about the nature of racism and social justice are examined through theories of ethics and political philosophy using various sources, including movies, music, social media.","3","3","-","-","-","-","-","-","-","Fall or Spring"
"PHILO","215","Honors Introduction to Philosophy","Central problems of philosophy, such as skepticism and knowledge, the nature of human minds, freedom, the nature of morality, justice and the existence of God. ","3","3","-","-","-","-","-","-","For students in an honors program.","Fall, Spring"
"PHILO","305","Introduction to Decision Theory","Introduction to decision and social choice theory emphasizing theories of utility, equilibria, and aggregation. ","3","3","-","-","-","-","-","-","-","Spring"
"PHILO","380","Philosophy and Race","The concept of race and racial identity, and contemporary controversies about the nature of racism and social justice, examined through fiction, movies, and readings in biology, anthropology, history, and philosophy. ","3","3","-","-","-","-","-","-","-","Fall"
"PHILO","565","Advanced Topics in Medical Ethics","An advanced, focused discussion of special topics in the biomedical sciences.  Topics vary and include the ethics governing human experimentation, stopping rules for CRTs, justice in funding medical research, justice in the distribution of access to medical care, decision rules for choice of treatment, definitions of disease, medicalization of behavioral patterns, and other related topics. ","3","3","-","-","-","-","-","-","-","On sufficient demand"
"PHYS","115","Descriptive Physics","Covers mechanics, electricity, heat, light, sound, and atomic theory. Surveys of the major fields of physics concentrating on how physicists work to understand and describe physical phenomena. ","5","5","-","-","-","-","-","-","Two hours lecture, one hour quiz, and four hours studio a week. High school algebra.","Spring"
"PHYS","620","Teaching University Physics","A discussion of techniques which will aid in the development of understanding the concepts in physics. Emphasis is placed on models of learning and teaching techniques which can be applied to the teaching of contemporary physics to university students. These models and techniques are used to analyze a teaching approach of topics, such as quantum mechanics, which is important to today's physicist. ","3","3","-","-","-","-","-","-","Three class hours per week.","Other"
"PHYS","639","Computations in Physics","An introduction to applying computational and numerical techniques to solve problems of interest to physicists. Topics include the application of computational analysis and solution to physical problems in both classical, and quantum physics including particle structure and motion, interaction of particles with fields, and model building for simulation of physical phenomena. A practicum is an integral part of the course. Students will use both personal computers and advanced workstations. ","3","3","-","-","-","-","-","-","One hour lecture, two hours of computer lab per week.","Other"
"PLAN","410","Urban Data Analytics and Visualization","This course will introduce students to different types and sources of urban data and how to use data for planning and decision-making at the community level through data processing and visualization. Spatial data visualization will be a key component of the course focused on mapping and visualization of census, economic, infrastructural, and environmental data.","3","3","-","-","-","-","-","-","-","Fall or Spring"
"PLAN","672","Collective Decisions","Provides an introduction to planning as a collective decision-making tool; examines how planners work within a decision-making environment to move from regional and community planning concepts to implementing plans.","3","3","-","-","-","-","-","-","-","Fall, Spring"
"PLAN","720","Infrastructure and Plan Implementation","Examination of infrastructure systems, the transportation process, land-use, and development standards; consideration of policy options and strategies; review of financing options and regulatory requirements associated with the various infrastructure elements. The course also reviews social and other issues that affect and are affected by infrastructure related decisions.","3","3","-","-","-","-","-","-","-","Fall"
"PLPTH","765","Integrated Plant Disease Management","Advanced topics in integrated plant disease management will be examined, including: epidemiological concepts, disease loss assessment, fungicides, resistance traits, on farm research trials and utilization of precision agriculture technologies to measure disease impacts. ","2","2","-","-","-","-","-","-","The course will meet the second eight weeks of the semester.","Fall"
"PMC","120","Outdoor Recreation Certification","This course is designed to provide the PMC major ability to obtain outdoor recreation certifications not directly taught by Kansas State University. Examples are numerous, and include Wilderness First Responder, Archery in Schools Instructor, Aquatic Facility Operator, Playground Inspector Certification, Leave No Trace. Certifications being accepted must involve a minimum of 16 hours of contact, exercise and assessment hours; or additional requirements can be added by PMC faculty to meet 16 hours of content. ","0","0","-","-","-","-","-","-","Consent of instructor.","Fall, Spring, Summer"
"PMC","820","Outdoor Recreation Behavior","The practical and theoretical basis of recreational use of public and private lands is examined in the context of ecosystem management. The statutory and regulatory policies and current issues regarding the management and use of lands in wilderness systems, wild and scenic river corridors, parks, and protected areas are discussed in detail. The impacts of recreational uses on the environment and conflicts with other uses of land and resources are discussed. Land use planning policies and decisions, which respond to recreation, wilderness and protected area issues will be examined. ","3","3","-","-","-","-","-","-","-","Fall"
"POLSC","372","Ideologies: Their Origins and Impact","Explores ideologies, including liberalism, conservatism, socialism, communism, and fascism. Their philosophical origins, transformation into systems of thought with mass appeal, and practical consequences are discussed. The conflict between ideology and philosophy is examined. ","3","3","-","-","-","-","-","-","-","Fall, Spring"
"POLSC","377","Introduction To Public Policy","The process of public policy formation and analysis with emphasis on the relationship between decisions taken, values maximized, and the social impact of these decisions in over 10 policy areas. ","3","3","-","-","-","-","-","-","-","Spring"
"POLSC","576","Mass Communications and Political Campaigns","The roles of journalism, advertising and public relations in political campaigns. Examines campaign communication strategies, staffing, and the roles of political consultants.  Analyzes how voter decision making is affected by mass communications and how voters develop attitudes about candidates and issues. ","3","3","-","-","-","-","-","-","-","Other"
"POLSC","611","The Legislative Process","Legislative decision-making in modern democracy with emphasis on the United States, the concept of representation, and political behavior of participants in the legislative process. ","3","3","-","-","-","-","-","-","-","Spring"
"POLSC","614","Constitutional Law","Principles of the American political system as prescribed by the Constitution and interpreted by Supreme Court decisions, with emphasis on the institutions and powers of the national government, federalism, and property rights. ","3","3","-","-","-","-","-","-","-","Fall"
"POLSC","615","The Constitution, Civil Rights and Civil Liberties","The Constitution as a limitation on governmental power, with emphasis on Supreme Court decisions defining fundamental civil rights and liberties. ","3","3","-","-","-","-","-","-","-","Spring"
"POLSC","618","Urban Politics","Fundamental problems of political power and decision making in urban suburban governmental settings.","3","3","-","-","-","-","-","-","-","Fall"
"POLSC","619","Comparative Agricultural Politics and Policy","Comparative examination of agricultural politics and policy with emphasis on decision making processes and the socio-political impacts of agricultural policy.","3","3","-","-","-","-","-","-","-","Fall-Even Years"
"POLSC","675","Religion and Politics","Focuses on religious life in America and its changing relationship to politics and government. Examination of the American founding as it relates to church/ state issues, the controversy over meaning of the First Amendment's establishment and free exercise clauses, and contemporary political agendas of mainline and evangelical churches. ","3","3","-","-","-","-","-","-","-","Spring"
"POLSC","736","Strategic Management of Public and Nonprofit Organizations","Strategic management in the public sector of democratic societies. Provides a set of tools and research skills to focus thinking, judgment and decision making in order to act strategically. ","3","3","-","-","-","-","-","-","-","Spring"
"POLSC","737","Public Budgeting","Budgeting as apart of our political system and as a fiscal process assists in allocating scarce resources. Overview of the budgetary decision-making process and the various budgetary approaches.","3","3","-","-","-","-","-","-","-","Fall"
"POLSC","810","Security Studies Methodology","An exploration of commonly used research methods in history and political science. Students will investigate quantitative and qualitative humanities and social sciences methodology through selected readings and limited research exercises.","2","2","-","-","-","-","-","-","-","Fall, Spring"
"POLSC","811","Seminar/International Politics","The seminar introduces students to the different school of thought in international relations as well as the different methods used to study the subject. It also analyzes middle range theories on subjects such as the causes of interstate conflict, the democratic peace, and foreign policy decision-making. Exams and a seminar paper are required. ","3","3","-","-","-","-","-","-","-","Spring"
"POLSC","842","Seminar/Comparative Ideologies","This seminar provides a graduate level exploration of ideologies such as liberalism, conservatism, socialism, communism, and fascism. The tension between ideology and philosophy is also examined. ","3","3","-","-","-","-","-","-","-","Other"
"POLSC","901","Advanced Research Methods ll","The course is the second in the sequence of two method courses in security studies. It emphasized quantitative analysis in political science and covers regression analysis, violation of regression assumptions, and logit models. The course also introduces students to time series, decision theory, and game theory. ","3","3","-","-","-","-","-","-","-","Spring"
"PPIL","387","Crew Resource Management I","This course involves using all available resources for a safe and efficient flight.  Aircraft crew performance is reviewed to include the background and philosophy of Crew Resource Management (CRM) communication, decision behavior, team building, workload management, and situational awareness. Students accomplish two flight scenarios using modern advanced jet aircraft training device. ","3","3","-","-","-","-","-","-","Two hours lecture and four hours lab a week.","Fall"
"PSYCH","425","Judgement & Decision Making","Covers the academic field of judgment and decision making, its major methods, results, and controversies. Examines the generality of experimental results across various domains including gambling, clinical prediction, perception of randomness, and legal and medical decision making. Focus on practical analytical skills for decision making that are useful in everyday life and work. ","3","3","-","-","-","-","-","-","-","Spring"
"PSYCH","430","Forensic Psychology","Survey of psychological principles and facts in areas such as perception, cognition, neuropsychology, social psychology, personality, and decision making, as they apply to forensic psychology. Topics include: polygraph (lie detection), eyewitness testimony, jury decision making, and profiling. ","3","3","-","-","-","-","-","-","-","Fall"
"PSYCH","460","Cognitive Psychology","A survey of the manner in which people extract and use relevant information from their environment as a basis for behavior. Topics may include memory storage and retrieval, attention, imagery, mnemonic devices, decision making, and other cognitive processes. ","3","3","-","-","-","-","-","-","-","Fall, Spring"
"PSYCH","518","Introduction to Health Psychology","Psychosocial factors relevant to general health maintenance, recovery from disease or injury, and the achievement of health. Topics include stress-management techniques, personality characteristics associated with disease, cognitive-emotional effects of diet and exercise, and theories of pain and pain management. Concepts of prevention and behavioral medicine are also included. ","3","3","-","-","-","-","-","-","500-level psychology courses cannot be taken for graduate credit by students in psychology graduate programs.","Spring"
"PSYCH","584","Group Psychotherapy","Principles of psychoeducational training, strategies, and group norms. The group experience is practiced within the classroom, offering experience as both a group member and a group leader through role-playing and experiential exercises. Research and program planning are conducted to create and guide a psychoeducational group.","3","3","-","-","-","-","-","-","-","Fall, Spring"
"PSYCH","586","Psychology Internship Readiness","Exploration of the efficacy of decisions and actions within a professional internship. The topics of professional communication, dress, engagement, timeliness, and conflict resolution will prepare the student for an internship. Additionally, ethics, confidentiality, the duty to warn and self-care impacting the delivery of human services will be explained.","1","1","-","-","-","-","-","-","This course must be taken in preparation for PSYCH 587.","Fall, Spring, Summer"
"PSYCH","814","Advanced Cognitive Psychology","Study of contemporary trends and research in cognition, including memory, language, problem solving, decision making, and human learning. ","3","3","-","-","-","-","-","-","-","Fall"
"PSYCH","825","Judgmental Processes","Examination of empirical findings and theoretical approaches to decision making and judgment with emphasis on higher cognitive processes.","3","3","-","-","-","-","-","-","-","Fall"
"RAS","335","Digital Manufacturing","Discover the cutting-edge world of digital manufacturing, where traditional fabrication methods merge with advanced technology to create precise and complex components. Explore the fundamentals and applications of key digital manufacturing tools.","3","3","-","-","-","-","-","-","-","Fall"
"RUSSN","301","Russian IV","Intensive review of Russian grammar. Exercises in reading selected modern Russian texts in the original.","3","3","-","-","-","-","-","-","-","Spring"
"SALES","455","Sales Negotiation","Students learn the fundamentals of negotiation and how those fundamentals are used during the sales process, with the goal of improving understanding of negotiation theory and practical application. Students are expected to participate in role-playing excercises.","3","3","-","-","-","-","-","-","-","Fall, Spring"
"SALES","457","Cooperation Selling","Students learn how to successfully synchronize their selling process with the decision maker's buying process in order to completely satisfy customers and generage more sales. Students are expected to participate in role playing exercises.","3","3","-","-","-","-","-","-","-","Fall"
"SOCIO","504","Political Sociology","An introduction to the principles of political sociology. Processes of political socialization, participation within and outside established organizational channels, recruitment of elites, communication and influence, power, decision making, and policy outputs. Data are presented from a cross-national perspective. ","3","3","-","-","-","-","-","-","-","Spring-Even Years"
"SOCIO","863","Sociology of Victimology","Focuses on the unique area of Victimology. Examines recent scholarship, methodological issues, and theoretical perspectives. Requires research paper and peer criticism. ","3","3","-","-","-","-","-","-","-","Fall, Spring"
"SOCWK","568","Macro Practice and Theory","Continuation of social work practice sequence with focus on skills development for macro-level social work practice and an understanding of macro-systems using the ecological perspective as a framework.  Community and organization intervention strategies with emphasis on the development of a social work frame of reference.  Focus on institutional racism, institutional discrimination, and the importance of recognizing these functions within society.","3","3","-","-","-","-","-","-","Social work majors only.","Fall, Spring"
"SOCWK","570","Social Work with Groups","Theoretical framework for effective generalist social work practice with groups, facilitates the development of group leaders who possess an understanding of group dynamics and effective leadership skills through group discussion, experiential exercises and leadership experiences. To be taken concurrently with SOCWK 561.","3","3","-","-","-","-","-","-","Social work majors only.","Fall, Spring"
"SOCWK","668","Macro Practice and Theory","Social work practice with focus on skills development for macro-level social work skills and an understanding of macro-systems using the ecological perspective as a framework.  Community and organization intervention strategies with emphasis on the development of a social work frame of reference.  Focus on institutional racism, institutional discrimination, and the importance of recognizing these functions within society.","3","3","-","-","-","-","SOCWK568","-","-","Fall"
"SOCWK","670","Social Work with Groups","Provides the theoretical framework for effective generalist social work practice with groups, facilitates the development of group leaders who possess an understanding of group dynamics and effective leadership skills through group discussion, experiential exercises and leadership experiences.","3","3","-","-","-","-","SOCWK570","-","-","Spring"
"SPAN","568","Literature of Spanish American","Analysis of representative works of Spanish American literature from the pre-Columbian period to the present.  Develops an understanding of historical and cultural context within the framework of Spanish American literary criticism.","3","3","-","-","-","-","-","-","-","Fall, Spring, Summer"
"SPAN","734","18th and 19th - Century Spain","Contextualized discussion and analysis of literature and cultural life in 18th-19th-century Spain. Course may be focused on a theme, genre, or movement (Enlightenment, Romanticism, Realism, Naturalism). Topics may include anticlericalism and Catholicism; revolution and empire; scientific reasoning.  ","3","3","-","-","-","-","-","-","Develops ability to interpret and craft complex, abstract language. Reading- and writing-intensive class.","On sufficient demand"
"STAT","100","Statistical Literacy in the Age of Information","Focus will be on the development of an awareness of statistics at the conceptual and interpretative level, in the context of everyday life. Data awareness and quality, sampling, scientific investigation, decision making, and the study of relationships are included. Emphasis will be on the development of critical thinking through in-class experiments and activities, discussions, analysis of real data sets, written reports, and collaborative learning. Computing activities will be included where appropriate; no previous computing experience required.
Intended for majors in non-quantitative fields.","3","3","-","-","-","-","-","-","Cannot be taken for credit if credit has been received for any other statistics course.","Fall, Spring"
"STAT","510","Introductory Probability and Statistics l","Descriptive statistics, probability concepts and laws, sample spaces; random variables; binomial, uniform, normal, and Poisson; two-dimensional variates; expected values; confidence intervals; binomial parameter, median, mean, and variance; testing simple hypotheses using CIs and X2 ; goodness of fit. Numerous applications. ","3","3","-","-","-","-","-","-","-","Fall, Spring"
"STAT","905","High-Dimensional Data and Statistical Learning","Theoretical framework of statistical methods for the analysis of large-scale data with the aim of understanding data mining, supervised and unsupervised statistical learning techniques from a statistical decision theoretic framework. Methods for model selection, dimensionality reduction, multiple testing control, and estimation in high-dimension data. Emphasis on the conceptual underpinning of different tools for analysis of large-scale data and how they relate to each other. Applications in various fields, including the sciences and engineering, using computer software. ","3","3","-","-","-","-","-","-","-","Fall-Even Years"
"STAT","950","Advanced Studies in Probability and Statistics","Theoretical studies of advanced topics in probability, decision theory, Markov processes, experimental design, stochastic processes, or advanced topics. ","1","18","-","-","-","-","-","-","Instructor consent","Fall, Spring, Summer"
"THTRE","171","Fundamentals of Acting","Theory and practice of fundamental skills and techniques of acting. Major emphasis is on freeing and training the individual's imagination, intellect, body, and voice through designed exercise and performed scenes.","3","3","-","-","-","-","-","-","Three hours recitation per week.","Fall, Spring"
"UAS","272","UAS Safety Fundamentals","Introduction to aviation safety, with an emphasis on best practices for safe operation of unmanned aircraft systems. Topics include safety/risk assessments, human factors, crew resource management, aeronautical decision-making, risk management, and safety assurance. ","3","3","-","-","-","-","-","-","-","Fall, Spring"
"UAS","465","Fixed-Wing Construction Lab and Autopilot Integration","In this course, students will build a fixed-wing UAS. After completing the build and conducting a successful flight, students will integrate an autopilot into their platform. Using open source ground station software and commercial-off-the-shelf (COTS), open source autopilot firmware and hardware, students learn techniques for integrating autopilots into their selected fixed-wing platform and for exploring precision autonomous flight in preparation for conducting field operations to acquire remotely sensed data. ","3","3","-","-","-","-","-","-","-","Spring"
"UAS","479","Data Analytics for Agricultural Applications","Students are introduced to basic theory and use cases of utilizing remotely sensed data in agricultural applications utilizing UAS, fixed-winged aircraft, and satellite-based imagery. Students will utilize UAS-based sensors to collect imagery that will be processed and analyzed in industry-leading software. General topics include RGB and multispectral data collection, processing and analysis, vegetation indices in crop and field health and condition monitoring, yield estimation, terrain analysis, and prescription generation for multiple precision ag platforms.","3","3","-","-","-","-","-","-","-","Fall"
"UAS","482","UAS Aerial Applications and Regulations","The UAS Aerial Application and Regulations course equips participants with the knowledge and skills to conduct safe, effective, and compliant agricultural spraying operations using uncrewed aircraft systems (UAS). The course emphasizes the regulatory framework governing aerial application, including federal, state, and local requirements. Core topics include operational planning, airspace integration, safety and risk management, emergency procedures, multi-aircraft coordination, and the use of precision agriculture tools such as multispectral data. By the end of the course, participants will be prepared to navigate both the technical and regulatory environments necessary for professional UAS spraying operations.","3","3","-","-","-","-","-","-","-","Spring"
"VCS","891","CS Veterinary Medicine Elective","Special topics for veterinary students in the disciplines offered by the department. Topics include: Beef Production Medicine : The role of the veterinarian in livestock production units, including interactions with producers, nutritionists, investors and others in decision analysis. Emphasis is on the professional services that veterinarians provide to beef production systems. Emergency Medicine : Presentations of cases in the ICU or cases that were recently seen on emergency. Current literature that is relevant to the case will be discussed. Advanced Exotic Pet Medicine : Advanced study of the diseases, medicine, and captive management of non-traditional species including companion birds, reptiles, rabbits, ferrets, and rodents. The Basics of Bovine Theriogenology : This class is designed to provide students enrolled in the veterinary curriculum a very practical knowledge base regarding bovine reproduction. Equine Medicine : This course is designed to be complementary to CS 710. The material presented in this class will focus on diagnostic procedures and case presentations that will not be covered in the core curriculum. The Learning Curve of Equine Practice : Covers various aspects of equine practice, not usually covered in traditional didactic lectures, including: equine husbandry, communication issues and insurance, horse colors, genetics, and genetic related diseases, aspects of equine practice and practice management, drug and medication rules for performance horses, and preventative medicine. Pain Management : Discussion of the mechanisms of pain, certain pain syndromes, and the drugs and techniques available to provide analgesia. Surgical Skills : Manual surgical skills will be taught using surgical models and cadaver tissues. Students will be taught the following skills and techniques: instrument handling, speed and efficiency, hand ties, ligature under tension, suture patterns, closure under tension, anastomosis and enterotomy technique and excision of circular lesions. Advanced Concepts in Veterinary Clinical Anesthesia : The lectures will be divided among topics to enhance student preparation for practical clinical application of anesthetic principles in both small and large animal environments. Topics: anesthetic implications for certain disease states, management of intraoperative complications, and special topics in large animal anesthesia. Veterinary Management of Sheep and Goats : Topic content is delivered both as online seminars via KSOL and case-based discussions and problem solving exercises in the classroom on herd management, preventive health care, nutrition, medicine, diseases, reproduction, and surgery of sheep and goats. Veterinary Ultrasonography : Topic content will be delivered both as online seminars via KSOL and case-based discussions. The physics, basic principles of use, and common artifacts of ultrasound will be covered as it relates to veterinary diagnostic imaging. Ultrasound imaging of the thorax (non-cardiac), abdomen, musculoskeletal system, and other areas (eye, thyroid/parathyroid) will be covered, predominantly in small animals. The course will cover both normal and pathologic ultrasound findings. Applied Small Animal Behavior:  Introduction to the commonly encountered canine and feline behavior topics in veterinary medicine.  Students will learn how to address these behavioral concerns through behavior modification, desensitization, counter conditioning, and psychopharmacology.  An additional goal of the course is to discuss practices that reduce fear in these patients during visits to their veterinarian. ","0.5","3","-","-","-","-","-","-","Lecture or combination lecture with lab.","Fall, Spring, Summer"
"VCS","937","Shelter Medicine","The rotation will be a combination of in-class and laboratory exercises in Manhattan, and hands-on experiences at regional shelters. Topics include population medicine, infectious disease recognition and control, surgical sterilization, behavioral testing, and legal issues common to shelter settings.","2","2","-","-","-","-","-","-","-","Fall, Spring, Summer"
"Subject Code","Course Number","Course Title","Course Description","Credits - Academic Credit - Units","Credits - Academic Credit - Credit Hours Max","Credits - Academic Credit - Credit Hours Value","Credits - Academic Credit - Credit Hours Operator","Cross Listed Courses","Co-Convened Courses","Dual-Listed Courses","Equivalent Courses","Notes","Course Typically Offered"
"CC","110","Introduction to Computing","An overview of the history of computers and programming. Famous historical figures and their impact in modern computing. Introduction to major topics in computer science such as artificial intelligence, high performance computing, cryptography, big data, cybersecurity, robotics, and more. ","2","2","-","-","-","-","-","-","-","Fall, Spring, Summer"
"CC","111","Elements of Computer Programming","Brief experience with computer programming concepts such as variables, data types, functions, conditionals, iteration, and collections.","1","1","-","-","-","-","-","-","-","Fall, Spring, Summer"
"CC","120","Web Page Development","The Internet, web browsers, and web-page-development technology: web-page design and implementation with Hypertext Markup Language (HTML), and CSS. Integration of program script into web pages. Introduction to graphics design, animation, and server utilization.","3","3","-","-","-","-","-","-","-","Fall"
"CC","140","Elements of Artificial Intelligence","Hands-on introduction to Artificial Intelligence (AI) using Python. This course explores foundational topics like data handling, supervised and unsupervised learning, neural networks, natural language processing, computer vision, and the ethical implications of AI. Interactive labs and projects are used to develop real AI applications and reflect on their impact in society.","3","3","-","-","-","-","-","-","-","Spring"
"CC","141","Privacy and Artificial Intelligence","Philosophical definitions of privacy, metrics (differential privacy, information leakage) and modern privacy tools as they apply, or apply to, AI. Hands-on applications to structured (tabular) and unstructured (images, videos) data. Timely real-world privacy problems faced by, and caused by, AI.","1","1","-","-","-","-","-","-","-","Spring"
"CC","142","Artificial Intelligence and Cybersecurity","Introduction to the rapidly evolving intersection of Artificial Intelligence and Cybersecurity. Students will explore how AI technologies—such as machine learning algorithms—can enhance system security, while also examining the vulnerabilities that adversaries exploit and the strategies used to defend against them.
Through real-world case studies, interactive labs, and hands-on activities, students will gain practical experience with both offensive and defensive techniques in AI security. The course also includes a forward-looking discussion on emerging research, including work being conducted at K-State.","1","1","-","-","-","-","-","-","-","Spring"
"CC","210","Fundamental Computer Programming Concepts","Basic concepts in developing computer programs: program structure and syntax, primitive data types, variables, control flow, iteration, simple algorithms, debugging, and good software development practices. Introduction to object-oriented programming.","4","4","-","-","-","-","-","-","-","Fall, Spring, Summer"
"CC","290","Foundational Topics in Applied Computer Science","Selected foundational topics in applied computer science. Specific course descriptions vary by topic.","1","4","-","-","-","-","-","-","Instructor permission required.","Fall, Spring, Summer"
"CC","310","Data Structures and Algorithms I","Exploration of data structures and related algorithms in computer programming. Basic concepts of complexity analysis. Object-oriented design concepts.","3","3","-","-","-","-","-","-","-","Fall, Spring, Summer"
"CC","315","Data Structures and Algorithms II","Advanced data structures and related algorithms. Formal software development methods and software engineering fundamentals. Introduction to requirements analysis processes that provide the specification of algorithmic requirements.","3","3","-","-","-","-","-","-","-","Fall, Spring, Summer"
"CC","410","Advanced Programming","Advanced programming techniques and projects. Concepts from simulation and modeling, media applications, secure design, information management, parallelism, and networking. Software development methodologies, processes, and design patterns. Practical experience with professional communication and collaboration.","4","4","-","-","-","-","-","-","-","Fall, Spring, Summer"
"CC","510","Computer Systems Administration","Administration of the Windows and Linux operating systems, including installation, configuration, distributed file systems, firewalls and security, shell scripting, and user account management. Introduction to managing cloud computing resources.","3","3","-","-","-","-","-","-","Not available for credit to students with credit in CIS 527.","Fall"
"CC","515","Full Stack Web Development","Fundamental principles and best practices of web development, user interface design, web API design, advanced web interfaces, web development frameworks, single-page web applications, web standards and accessibility issues.","3","3","-","-","-","-","-","-","Permission to take this course concurrently with CC 410 may be granted to well-prepared students. Not available for credit to students with credit in CIS 526.","Spring"
"CC","520","Database Essentials","Introduction to concepts and techniques in database management. Overview of relational databases, NoSQL databases, and related topics. Database programming and use of databases in applications. Theory and architecture of database management systems (DBMS).","3","3","-","-","-","-","-","-","-","Spring"
"CC","535","Applied Data Science","An introduction to data science and discovery from data: Data wrangling, feature engineering, feature selection, statistical inference, correlations, principal component analysis, classification, regression, novelty detection, clustering, cross-validation, bootstrapping, class profiling, multidimensional scaling, association rules, visualization, data science and society.","3","3","-","-","-","-","-","-","-","Fall"
"CC","590","Special Topics in Applied Computer Science","Selected topics in applied computer science.","1","4","-","-","-","-","-","-","-","Fall, Spring, Summer"
"CC","710","Introduction to Computing for Educators","This course is a first step in preparing educators to teach computer science topics at the PreK-12 level. It provides content area knowledge including the historical context in which computing developed, an overview of the modern field of computing and its impacts on society. It also explores theories of computational thinking and learning, computer science education research, and the Kansas PreK-12 computer science standards. ","2","2","-","-","-","-","-","-","For education majors only.","Fall, Spring, Summer"
"CC","711","Computer Education Programming Fundamentals","This course introduces PreK-12 educators to the """"Big ideas"""" of programming - concept knowledge that is critical for developing and teaching programming skills. Students will learn to read simple program code, write short programs, and explore basic programming constructs such as conditional statements and iteration. Students will also explore basic programming concepts related to a particular discipline. ","1","1","-","-","-","-","-","-","For education majors only.","Fall, Spring, Summer"
"CC","730","Computer Programming for Educators","The course introduces PreK-12 educators to computer programming using one of several programming languages. Interactive lessons and engaging projects reinforce new skills and concepts while exploring pedagogical strategies for teaching programming. This course covers the basic concepts of programming, from variables and control flow to functions, objects, and simple algorithms. ","4","4","-","-","-","-","-","-","For education majors only.","Fall, Spring, Summer"
"CC","750","Data Structures and Algorithms for Educators I","This course provides PreK-12 educators the content knowledge necessary for teaching simple data structures such as sets, lists, stacks, queues, and maps. Students learn how to create data structures and the algorithms to work with them. Students are introduced to algorithm analysis to determine the efficiency of algorithms. It also addresses strategies for teaching these concepts to a diverse audience. ","3","3","-","-","-","-","-","-","For education majors only.","Fall, Spring, Summer"
"CC","755","Data Structures and Algorithms for Educators II","This course provides PreK-12 educators the content knowledge necessary for teaching advanced data structures, such as trees, graphs, and heaps, along with pedagogical approaches for teaching the associated concepts and skills. Several new algorithms using these data structures are covered. Students also learn software development methods and software engineering fundamentals and use those skills to develop projects of increasing size and scope effectively. ","3","3","-","-","-","-","-","-","For education majors only.","Fall, Spring, Summer"
"CC","760","Advanced Computing for Educators","This course helps PreK-12 educators gain experience writing programs using a variety of advanced programming techniques including object-oriented programming, inheritance, and events. It also introduces software development methodologies, processes, and design patterns, along with pedagogical strategies to teach them. It also emphasizes collaboration skills and tools used by professional programmers. ","4","4","-","-","-","-","-","-","For education majors only.","Fall, Spring, Summer"
"CC","798","Topics in Computing for Educators","Topics in Computing Education for PreK-12 educators. Topics will be determined by faculty.","1","18","-","-","-","-","-","-","For education majors only. Instructor permission.","Fall, Spring, Summer"
"CIS","526","Web Application Development","Fundamental principles and best practices of web development, user interface design, web API design, advanced web interfaces, web development frameworks, single-page web applications, web standards and accessibility issues.","3","3","-","-","-","-","-","-","Not available for credit to students with credit in CC 515.","Spring"
"CIS","527","Enterprise Systems Administration","Administration of the Linux operating system, including installation, configuration, distributed file systems, firewalls and security, shell scripting, and user account management. ","3","3","-","-","-","-","-","-","Three hours recitation a week. Not available for credit to students with credit in CC 510.","Spring"
"CIS","751","Computer And Information Security","A comprehensive coverage of computer and information security. Basic cryptography, access control, authentication, authorization, network security, software security, and social aspects of security. The lectures discuss when and where things can go wrong and how design flaws in a system can be exploited to compromise security. Common attack techniques are introduced, and students have the opportunity to work on course projects that cover both the defense and offense aspects in cyberspace. ","3","3","-","-","-","-","-","-","Not available for credit to students with credit in CIS 551.","Fall"